method,seed,item,start,end,predicted_class
rbf_svm,-1,d00,0,64,21
rbf_svm,-1,d00,64,128,3
rbf_svm,-1,d00,128,192,9
rbf_svm,-1,d00,192,256,16
rbf_svm,-1,d00,256,320,3
rbf_svm,-1,d00,320,384,21
rbf_svm,-1,d00,384,448,9
rbf_svm,-1,d00,448,512,15
rbf_svm,-1,d00,512,576,4
rbf_svm,-1,d00,576,640,3
rbf_svm,-1,d00,640,704,3
rbf_svm,-1,d00,704,768,10
rbf_svm,-1,d00,768,832,3
rbf_svm,-1,d00,832,896,15
rbf_svm,-1,d00,896,960,3
rbf_svm,-1,d01,160,224,1
rbf_svm,-1,d01,224,288,1
rbf_svm,-1,d01,288,352,1
rbf_svm,-1,d01,352,416,1
rbf_svm,-1,d01,416,480,1
rbf_svm,-1,d01,480,544,1
rbf_svm,-1,d01,544,608,15
rbf_svm,-1,d01,608,672,10
rbf_svm,-1,d01,672,736,10
rbf_svm,-1,d01,736,800,0
rbf_svm,-1,d01,800,864,1
rbf_svm,-1,d01,864,928,1
rbf_svm,-1,d02,160,224,2
rbf_svm,-1,d02,224,288,2
rbf_svm,-1,d02,288,352,2
rbf_svm,-1,d02,352,416,2
rbf_svm,-1,d02,416,480,2
rbf_svm,-1,d02,480,544,2
rbf_svm,-1,d02,544,608,2
rbf_svm,-1,d02,608,672,2
rbf_svm,-1,d02,672,736,2
rbf_svm,-1,d02,736,800,2
rbf_svm,-1,d02,800,864,2
rbf_svm,-1,d02,864,928,2
rbf_svm,-1,d03,160,224,4
rbf_svm,-1,d03,224,288,9
rbf_svm,-1,d03,288,352,3
rbf_svm,-1,d03,352,416,3
rbf_svm,-1,d03,416,480,9
rbf_svm,-1,d03,480,544,9
rbf_svm,-1,d03,544,608,3
rbf_svm,-1,d03,608,672,0
rbf_svm,-1,d03,672,736,4
rbf_svm,-1,d03,736,800,3
rbf_svm,-1,d03,800,864,4
rbf_svm,-1,d03,864,928,21
rbf_svm,-1,d04,160,224,15
rbf_svm,-1,d04,224,288,21
rbf_svm,-1,d04,288,352,15
rbf_svm,-1,d04,352,416,0
rbf_svm,-1,d04,416,480,0
rbf_svm,-1,d04,480,544,9
rbf_svm,-1,d04,544,608,9
rbf_svm,-1,d04,608,672,4
rbf_svm,-1,d04,672,736,20
rbf_svm,-1,d04,736,800,5
rbf_svm,-1,d04,800,864,3
rbf_svm,-1,d04,864,928,9
rbf_svm,-1,d05,160,224,20
rbf_svm,-1,d05,224,288,8
rbf_svm,-1,d05,288,352,15
rbf_svm,-1,d05,352,416,0
rbf_svm,-1,d05,416,480,5
rbf_svm,-1,d05,480,544,9
rbf_svm,-1,d05,544,608,9
rbf_svm,-1,d05,608,672,4
rbf_svm,-1,d05,672,736,20
rbf_svm,-1,d05,736,800,5
rbf_svm,-1,d05,800,864,3
rbf_svm,-1,d05,864,928,9
rbf_svm,-1,d06,160,224,6
rbf_svm,-1,d06,224,288,6
rbf_svm,-1,d06,288,352,6
rbf_svm,-1,d06,352,416,6
rbf_svm,-1,d06,416,480,6
rbf_svm,-1,d06,480,544,18
rbf_svm,-1,d06,544,608,18
rbf_svm,-1,d06,608,672,18
rbf_svm,-1,d06,672,736,18
rbf_svm,-1,d06,736,800,18
rbf_svm,-1,d06,800,864,18
rbf_svm,-1,d06,864,928,18
rbf_svm,-1,d07,160,224,12
rbf_svm,-1,d07,224,288,13
rbf_svm,-1,d07,288,352,7
rbf_svm,-1,d07,352,416,5
rbf_svm,-1,d07,416,480,20
rbf_svm,-1,d07,480,544,10
rbf_svm,-1,d07,544,608,3
rbf_svm,-1,d07,608,672,10
rbf_svm,-1,d07,672,736,3
rbf_svm,-1,d07,736,800,3
rbf_svm,-1,d07,800,864,3
rbf_svm,-1,d07,864,928,18
rbf_svm,-1,d08,160,224,0
rbf_svm,-1,d08,224,288,8
rbf_svm,-1,d08,288,352,7
rbf_svm,-1,d08,352,416,5
rbf_svm,-1,d08,416,480,8
rbf_svm,-1,d08,480,544,8
rbf_svm,-1,d08,544,608,7
rbf_svm,-1,d08,608,672,5
rbf_svm,-1,d08,672,736,5
rbf_svm,-1,d08,736,800,7
rbf_svm,-1,d08,800,864,5
rbf_svm,-1,d08,864,928,5
rbf_svm,-1,d09,160,224,9
rbf_svm,-1,d09,224,288,4
rbf_svm,-1,d09,288,352,10
rbf_svm,-1,d09,352,416,0
rbf_svm,-1,d09,416,480,9
rbf_svm,-1,d09,480,544,9
rbf_svm,-1,d09,544,608,9
rbf_svm,-1,d09,608,672,3
rbf_svm,-1,d09,672,736,15
rbf_svm,-1,d09,736,800,9
rbf_svm,-1,d09,800,864,0
rbf_svm,-1,d09,864,928,10
rbf_svm,-1,d10,160,224,3
rbf_svm,-1,d10,224,288,4
rbf_svm,-1,d10,288,352,16
rbf_svm,-1,d10,352,416,3
rbf_svm,-1,d10,416,480,0
rbf_svm,-1,d10,480,544,4
rbf_svm,-1,d10,544,608,15
rbf_svm,-1,d10,608,672,3
rbf_svm,-1,d10,672,736,11
rbf_svm,-1,d10,736,800,5
rbf_svm,-1,d10,800,864,16
rbf_svm,-1,d10,864,928,3
rbf_svm,-1,d11,160,224,11
rbf_svm,-1,d11,224,288,11
rbf_svm,-1,d11,288,352,11
rbf_svm,-1,d11,352,416,11
rbf_svm,-1,d11,416,480,11
rbf_svm,-1,d11,480,544,11
rbf_svm,-1,d11,544,608,11
rbf_svm,-1,d11,608,672,11
rbf_svm,-1,d11,672,736,9
rbf_svm,-1,d11,736,800,0
rbf_svm,-1,d11,800,864,0
rbf_svm,-1,d11,864,928,11
rbf_svm,-1,d12,160,224,16
rbf_svm,-1,d12,224,288,9
rbf_svm,-1,d12,288,352,5
rbf_svm,-1,d12,352,416,12
rbf_svm,-1,d12,416,480,5
rbf_svm,-1,d12,480,544,12
rbf_svm,-1,d12,544,608,18
rbf_svm,-1,d12,608,672,5
rbf_svm,-1,d12,672,736,12
rbf_svm,-1,d12,736,800,13
rbf_svm,-1,d12,800,864,8
rbf_svm,-1,d12,864,928,7
rbf_svm,-1,d13,160,224,11
rbf_svm,-1,d13,224,288,10
rbf_svm,-1,d13,288,352,10
rbf_svm,-1,d13,352,416,5
rbf_svm,-1,d13,416,480,13
rbf_svm,-1,d13,480,544,7
rbf_svm,-1,d13,544,608,5
rbf_svm,-1,d13,608,672,13
rbf_svm,-1,d13,672,736,18
rbf_svm,-1,d13,736,800,12
rbf_svm,-1,d13,800,864,8
rbf_svm,-1,d13,864,928,8
rbf_svm,-1,d14,160,224,14
rbf_svm,-1,d14,224,288,14
rbf_svm,-1,d14,288,352,14
rbf_svm,-1,d14,352,416,14
rbf_svm,-1,d14,416,480,14
rbf_svm,-1,d14,480,544,14
rbf_svm,-1,d14,544,608,14
rbf_svm,-1,d14,608,672,14
rbf_svm,-1,d14,672,736,14
rbf_svm,-1,d14,736,800,14
rbf_svm,-1,d14,800,864,14
rbf_svm,-1,d14,864,928,14
rbf_svm,-1,d15,160,224,0
rbf_svm,-1,d15,224,288,3
rbf_svm,-1,d15,288,352,9
rbf_svm,-1,d15,352,416,16
rbf_svm,-1,d15,416,480,15
rbf_svm,-1,d15,480,544,10
rbf_svm,-1,d15,544,608,4
rbf_svm,-1,d15,608,672,3
rbf_svm,-1,d15,672,736,21
rbf_svm,-1,d15,736,800,0
rbf_svm,-1,d15,800,864,0
rbf_svm,-1,d15,864,928,0
rbf_svm,-1,d16,160,224,15
rbf_svm,-1,d16,224,288,15
rbf_svm,-1,d16,288,352,9
rbf_svm,-1,d16,352,416,10
rbf_svm,-1,d16,416,480,10
rbf_svm,-1,d16,480,544,21
rbf_svm,-1,d16,544,608,9
rbf_svm,-1,d16,608,672,9
rbf_svm,-1,d16,672,736,21
rbf_svm,-1,d16,736,800,4
rbf_svm,-1,d16,800,864,9
rbf_svm,-1,d16,864,928,16
rbf_svm,-1,d17,160,224,17
rbf_svm,-1,d17,224,288,17
rbf_svm,-1,d17,288,352,17
rbf_svm,-1,d17,352,416,17
rbf_svm,-1,d17,416,480,17
rbf_svm,-1,d17,480,544,17
rbf_svm,-1,d17,544,608,17
rbf_svm,-1,d17,608,672,17
rbf_svm,-1,d17,672,736,17
rbf_svm,-1,d17,736,800,17
rbf_svm,-1,d17,800,864,17
rbf_svm,-1,d17,864,928,17
rbf_svm,-1,d18,160,224,0
rbf_svm,-1,d18,224,288,18
rbf_svm,-1,d18,288,352,18
rbf_svm,-1,d18,352,416,18
rbf_svm,-1,d18,416,480,18
rbf_svm,-1,d18,480,544,18
rbf_svm,-1,d18,544,608,18
rbf_svm,-1,d18,608,672,18
rbf_svm,-1,d18,672,736,18
rbf_svm,-1,d18,736,800,18
rbf_svm,-1,d18,800,864,18
rbf_svm,-1,d18,864,928,18
rbf_svm,-1,d19,160,224,19
rbf_svm,-1,d19,224,288,19
rbf_svm,-1,d19,288,352,19
rbf_svm,-1,d19,352,416,19
rbf_svm,-1,d19,416,480,19
rbf_svm,-1,d19,480,544,19
rbf_svm,-1,d19,544,608,19
rbf_svm,-1,d19,608,672,19
rbf_svm,-1,d19,672,736,19
rbf_svm,-1,d19,736,800,19
rbf_svm,-1,d19,800,864,19
rbf_svm,-1,d19,864,928,19
rbf_svm,-1,d20,160,224,15
rbf_svm,-1,d20,224,288,16
rbf_svm,-1,d20,288,352,4
rbf_svm,-1,d20,352,416,10
rbf_svm,-1,d20,416,480,4
rbf_svm,-1,d20,480,544,9
rbf_svm,-1,d20,544,608,10
rbf_svm,-1,d20,608,672,9
rbf_svm,-1,d20,672,736,0
rbf_svm,-1,d20,736,800,16
rbf_svm,-1,d20,800,864,10
rbf_svm,-1,d20,864,928,15
rbf_svm,-1,d21,160,224,3
rbf_svm,-1,d21,224,288,3
rbf_svm,-1,d21,288,352,21
rbf_svm,-1,d21,352,416,9
rbf_svm,-1,d21,416,480,11
rbf_svm,-1,d21,480,544,4
rbf_svm,-1,d21,544,608,21
rbf_svm,-1,d21,608,672,3
rbf_svm,-1,d21,672,736,3
rbf_svm,-1,d21,736,800,15
rbf_svm,-1,d21,800,864,0
rbf_svm,-1,d21,864,928,9
shrinkage_lda,-1,d00,0,64,21
shrinkage_lda,-1,d00,64,128,3
shrinkage_lda,-1,d00,128,192,9
shrinkage_lda,-1,d00,192,256,15
shrinkage_lda,-1,d00,256,320,3
shrinkage_lda,-1,d00,320,384,3
shrinkage_lda,-1,d00,384,448,9
shrinkage_lda,-1,d00,448,512,9
shrinkage_lda,-1,d00,512,576,10
shrinkage_lda,-1,d00,576,640,10
shrinkage_lda,-1,d00,640,704,4
shrinkage_lda,-1,d00,704,768,10
shrinkage_lda,-1,d00,768,832,3
shrinkage_lda,-1,d00,832,896,15
shrinkage_lda,-1,d00,896,960,3
shrinkage_lda,-1,d01,160,224,1
shrinkage_lda,-1,d01,224,288,1
shrinkage_lda,-1,d01,288,352,1
shrinkage_lda,-1,d01,352,416,1
shrinkage_lda,-1,d01,416,480,1
shrinkage_lda,-1,d01,480,544,1
shrinkage_lda,-1,d01,544,608,1
shrinkage_lda,-1,d01,608,672,1
shrinkage_lda,-1,d01,672,736,1
shrinkage_lda,-1,d01,736,800,1
shrinkage_lda,-1,d01,800,864,1
shrinkage_lda,-1,d01,864,928,1
shrinkage_lda,-1,d02,160,224,2
shrinkage_lda,-1,d02,224,288,2
shrinkage_lda,-1,d02,288,352,2
shrinkage_lda,-1,d02,352,416,2
shrinkage_lda,-1,d02,416,480,2
shrinkage_lda,-1,d02,480,544,2
shrinkage_lda,-1,d02,544,608,2
shrinkage_lda,-1,d02,608,672,2
shrinkage_lda,-1,d02,672,736,2
shrinkage_lda,-1,d02,736,800,2
shrinkage_lda,-1,d02,800,864,2
shrinkage_lda,-1,d02,864,928,2
shrinkage_lda,-1,d03,160,224,4
shrinkage_lda,-1,d03,224,288,15
shrinkage_lda,-1,d03,288,352,3
shrinkage_lda,-1,d03,352,416,3
shrinkage_lda,-1,d03,416,480,21
shrinkage_lda,-1,d03,480,544,0
shrinkage_lda,-1,d03,544,608,3
shrinkage_lda,-1,d03,608,672,0
shrinkage_lda,-1,d03,672,736,4
shrinkage_lda,-1,d03,736,800,3
shrinkage_lda,-1,d03,800,864,3
shrinkage_lda,-1,d03,864,928,0
shrinkage_lda,-1,d04,160,224,15
shrinkage_lda,-1,d04,224,288,3
shrinkage_lda,-1,d04,288,352,15
shrinkage_lda,-1,d04,352,416,0
shrinkage_lda,-1,d04,416,480,0
shrinkage_lda,-1,d04,480,544,9
shrinkage_lda,-1,d04,544,608,15
shrinkage_lda,-1,d04,608,672,4
shrinkage_lda,-1,d04,672,736,4
shrinkage_lda,-1,d04,736,800,3
shrinkage_lda,-1,d04,800,864,3
shrinkage_lda,-1,d04,864,928,9
shrinkage_lda,-1,d05,160,224,5
shrinkage_lda,-1,d05,224,288,5
shrinkage_lda,-1,d05,288,352,10
shrinkage_lda,-1,d05,352,416,0
shrinkage_lda,-1,d05,416,480,0
shrinkage_lda,-1,d05,480,544,9
shrinkage_lda,-1,d05,544,608,9
shrinkage_lda,-1,d05,608,672,4
shrinkage_lda,-1,d05,672,736,21
shrinkage_lda,-1,d05,736,800,5
shrinkage_lda,-1,d05,800,864,3
shrinkage_lda,-1,d05,864,928,9
shrinkage_lda,-1,d06,160,224,6
shrinkage_lda,-1,d06,224,288,6
shrinkage_lda,-1,d06,288,352,6
shrinkage_lda,-1,d06,352,416,6
shrinkage_lda,-1,d06,416,480,6
shrinkage_lda,-1,d06,480,544,6
shrinkage_lda,-1,d06,544,608,6
shrinkage_lda,-1,d06,608,672,6
shrinkage_lda,-1,d06,672,736,6
shrinkage_lda,-1,d06,736,800,6
shrinkage_lda,-1,d06,800,864,6
shrinkage_lda,-1,d06,864,928,6
shrinkage_lda,-1,d07,160,224,7
shrinkage_lda,-1,d07,224,288,7
shrinkage_lda,-1,d07,288,352,7
shrinkage_lda,-1,d07,352,416,7
shrinkage_lda,-1,d07,416,480,7
shrinkage_lda,-1,d07,480,544,7
shrinkage_lda,-1,d07,544,608,7
shrinkage_lda,-1,d07,608,672,7
shrinkage_lda,-1,d07,672,736,7
shrinkage_lda,-1,d07,736,800,7
shrinkage_lda,-1,d07,800,864,7
shrinkage_lda,-1,d07,864,928,7
shrinkage_lda,-1,d08,160,224,0
shrinkage_lda,-1,d08,224,288,9
shrinkage_lda,-1,d08,288,352,5
shrinkage_lda,-1,d08,352,416,20
shrinkage_lda,-1,d08,416,480,4
shrinkage_lda,-1,d08,480,544,8
shrinkage_lda,-1,d08,544,608,8
shrinkage_lda,-1,d08,608,672,15
shrinkage_lda,-1,d08,672,736,4
shrinkage_lda,-1,d08,736,800,10
shrinkage_lda,-1,d08,800,864,9
shrinkage_lda,-1,d08,864,928,5
shrinkage_lda,-1,d09,160,224,9
shrinkage_lda,-1,d09,224,288,3
shrinkage_lda,-1,d09,288,352,10
shrinkage_lda,-1,d09,352,416,0
shrinkage_lda,-1,d09,416,480,9
shrinkage_lda,-1,d09,480,544,0
shrinkage_lda,-1,d09,544,608,4
shrinkage_lda,-1,d09,608,672,21
shrinkage_lda,-1,d09,672,736,4
shrinkage_lda,-1,d09,736,800,4
shrinkage_lda,-1,d09,800,864,0
shrinkage_lda,-1,d09,864,928,10
shrinkage_lda,-1,d10,160,224,3
shrinkage_lda,-1,d10,224,288,9
shrinkage_lda,-1,d10,288,352,10
shrinkage_lda,-1,d10,352,416,0
shrinkage_lda,-1,d10,416,480,0
shrinkage_lda,-1,d10,480,544,4
shrinkage_lda,-1,d10,544,608,15
shrinkage_lda,-1,d10,608,672,3
shrinkage_lda,-1,d10,672,736,4
shrinkage_lda,-1,d10,736,800,10
shrinkage_lda,-1,d10,800,864,16
shrinkage_lda,-1,d10,864,928,3
shrinkage_lda,-1,d11,160,224,11
shrinkage_lda,-1,d11,224,288,11
shrinkage_lda,-1,d11,288,352,11
shrinkage_lda,-1,d11,352,416,11
shrinkage_lda,-1,d11,416,480,11
shrinkage_lda,-1,d11,480,544,11
shrinkage_lda,-1,d11,544,608,11
shrinkage_lda,-1,d11,608,672,11
shrinkage_lda,-1,d11,672,736,11
shrinkage_lda,-1,d11,736,800,11
shrinkage_lda,-1,d11,800,864,11
shrinkage_lda,-1,d11,864,928,11
shrinkage_lda,-1,d12,160,224,12
shrinkage_lda,-1,d12,224,288,12
shrinkage_lda,-1,d12,288,352,10
shrinkage_lda,-1,d12,352,416,12
shrinkage_lda,-1,d12,416,480,12
shrinkage_lda,-1,d12,480,544,12
shrinkage_lda,-1,d12,544,608,12
shrinkage_lda,-1,d12,608,672,12
shrinkage_lda,-1,d12,672,736,12
shrinkage_lda,-1,d12,736,800,12
shrinkage_lda,-1,d12,800,864,8
shrinkage_lda,-1,d12,864,928,12
shrinkage_lda,-1,d13,160,224,3
shrinkage_lda,-1,d13,224,288,4
shrinkage_lda,-1,d13,288,352,20
shrinkage_lda,-1,d13,352,416,5
shrinkage_lda,-1,d13,416,480,8
shrinkage_lda,-1,d13,480,544,5
shrinkage_lda,-1,d13,544,608,4
shrinkage_lda,-1,d13,608,672,8
shrinkage_lda,-1,d13,672,736,8
shrinkage_lda,-1,d13,736,800,13
shrinkage_lda,-1,d13,800,864,13
shrinkage_lda,-1,d13,864,928,13
shrinkage_lda,-1,d14,160,224,14
shrinkage_lda,-1,d14,224,288,14
shrinkage_lda,-1,d14,288,352,14
shrinkage_lda,-1,d14,352,416,14
shrinkage_lda,-1,d14,416,480,14
shrinkage_lda,-1,d14,480,544,14
shrinkage_lda,-1,d14,544,608,14
shrinkage_lda,-1,d14,608,672,14
shrinkage_lda,-1,d14,672,736,14
shrinkage_lda,-1,d14,736,800,14
shrinkage_lda,-1,d14,800,864,14
shrinkage_lda,-1,d14,864,928,14
shrinkage_lda,-1,d15,160,224,0
shrinkage_lda,-1,d15,224,288,3
shrinkage_lda,-1,d15,288,352,9
shrinkage_lda,-1,d15,352,416,16
shrinkage_lda,-1,d15,416,480,15
shrinkage_lda,-1,d15,480,544,10
shrinkage_lda,-1,d15,544,608,0
shrinkage_lda,-1,d15,608,672,10
shrinkage_lda,-1,d15,672,736,10
shrinkage_lda,-1,d15,736,800,0
shrinkage_lda,-1,d15,800,864,0
shrinkage_lda,-1,d15,864,928,0
shrinkage_lda,-1,d16,160,224,15
shrinkage_lda,-1,d16,224,288,9
shrinkage_lda,-1,d16,288,352,0
shrinkage_lda,-1,d16,352,416,10
shrinkage_lda,-1,d16,416,480,10
shrinkage_lda,-1,d16,480,544,10
shrinkage_lda,-1,d16,544,608,15
shrinkage_lda,-1,d16,608,672,9
shrinkage_lda,-1,d16,672,736,21
shrinkage_lda,-1,d16,736,800,4
shrinkage_lda,-1,d16,800,864,0
shrinkage_lda,-1,d16,864,928,4
shrinkage_lda,-1,d17,160,224,17
shrinkage_lda,-1,d17,224,288,17
shrinkage_lda,-1,d17,288,352,17
shrinkage_lda,-1,d17,352,416,17
shrinkage_lda,-1,d17,416,480,17
shrinkage_lda,-1,d17,480,544,17
shrinkage_lda,-1,d17,544,608,17
shrinkage_lda,-1,d17,608,672,17
shrinkage_lda,-1,d17,672,736,17
shrinkage_lda,-1,d17,736,800,17
shrinkage_lda,-1,d17,800,864,17
shrinkage_lda,-1,d17,864,928,17
shrinkage_lda,-1,d18,160,224,0
shrinkage_lda,-1,d18,224,288,18
shrinkage_lda,-1,d18,288,352,18
shrinkage_lda,-1,d18,352,416,12
shrinkage_lda,-1,d18,416,480,11
shrinkage_lda,-1,d18,480,544,20
shrinkage_lda,-1,d18,544,608,20
shrinkage_lda,-1,d18,608,672,20
shrinkage_lda,-1,d18,672,736,20
shrinkage_lda,-1,d18,736,800,20
shrinkage_lda,-1,d18,800,864,5
shrinkage_lda,-1,d18,864,928,5
shrinkage_lda,-1,d19,160,224,19
shrinkage_lda,-1,d19,224,288,19
shrinkage_lda,-1,d19,288,352,19
shrinkage_lda,-1,d19,352,416,19
shrinkage_lda,-1,d19,416,480,19
shrinkage_lda,-1,d19,480,544,19
shrinkage_lda,-1,d19,544,608,19
shrinkage_lda,-1,d19,608,672,19
shrinkage_lda,-1,d19,672,736,19
shrinkage_lda,-1,d19,736,800,19
shrinkage_lda,-1,d19,800,864,19
shrinkage_lda,-1,d19,864,928,19
shrinkage_lda,-1,d20,160,224,15
shrinkage_lda,-1,d20,224,288,4
shrinkage_lda,-1,d20,288,352,10
shrinkage_lda,-1,d20,352,416,16
shrinkage_lda,-1,d20,416,480,20
shrinkage_lda,-1,d20,480,544,20
shrinkage_lda,-1,d20,544,608,20
shrinkage_lda,-1,d20,608,672,10
shrinkage_lda,-1,d20,672,736,4
shrinkage_lda,-1,d20,736,800,20
shrinkage_lda,-1,d20,800,864,15
shrinkage_lda,-1,d20,864,928,20
shrinkage_lda,-1,d21,160,224,21
shrinkage_lda,-1,d21,224,288,3
shrinkage_lda,-1,d21,288,352,21
shrinkage_lda,-1,d21,352,416,21
shrinkage_lda,-1,d21,416,480,4
shrinkage_lda,-1,d21,480,544,4
shrinkage_lda,-1,d21,544,608,9
shrinkage_lda,-1,d21,608,672,9
shrinkage_lda,-1,d21,672,736,21
shrinkage_lda,-1,d21,736,800,15
shrinkage_lda,-1,d21,800,864,0
shrinkage_lda,-1,d21,864,928,9
random_forest,0,d00,0,64,15
random_forest,0,d00,64,128,15
random_forest,0,d00,128,192,3
random_forest,0,d00,192,256,10
random_forest,0,d00,256,320,9
random_forest,0,d00,320,384,0
random_forest,0,d00,384,448,15
random_forest,0,d00,448,512,21
random_forest,0,d00,512,576,4
random_forest,0,d00,576,640,3
random_forest,0,d00,640,704,3
random_forest,0,d00,704,768,10
random_forest,0,d00,768,832,9
random_forest,0,d00,832,896,10
random_forest,0,d00,896,960,0
random_forest,0,d01,160,224,1
random_forest,0,d01,224,288,1
random_forest,0,d01,288,352,1
random_forest,0,d01,352,416,1
random_forest,0,d01,416,480,1
random_forest,0,d01,480,544,1
random_forest,0,d01,544,608,1
random_forest,0,d01,608,672,1
random_forest,0,d01,672,736,1
random_forest,0,d01,736,800,1
random_forest,0,d01,800,864,1
random_forest,0,d01,864,928,1
random_forest,0,d02,160,224,2
random_forest,0,d02,224,288,2
random_forest,0,d02,288,352,2
random_forest,0,d02,352,416,2
random_forest,0,d02,416,480,2
random_forest,0,d02,480,544,2
random_forest,0,d02,544,608,2
random_forest,0,d02,608,672,2
random_forest,0,d02,672,736,2
random_forest,0,d02,736,800,2
random_forest,0,d02,800,864,2
random_forest,0,d02,864,928,2
random_forest,0,d03,160,224,10
random_forest,0,d03,224,288,19
random_forest,0,d03,288,352,3
random_forest,0,d03,352,416,4
random_forest,0,d03,416,480,9
random_forest,0,d03,480,544,3
random_forest,0,d03,544,608,10
random_forest,0,d03,608,672,3
random_forest,0,d03,672,736,3
random_forest,0,d03,736,800,9
random_forest,0,d03,800,864,15
random_forest,0,d03,864,928,16
random_forest,0,d04,160,224,4
random_forest,0,d04,224,288,4
random_forest,0,d04,288,352,4
random_forest,0,d04,352,416,4
random_forest,0,d04,416,480,4
random_forest,0,d04,480,544,4
random_forest,0,d04,544,608,4
random_forest,0,d04,608,672,4
random_forest,0,d04,672,736,4
random_forest,0,d04,736,800,4
random_forest,0,d04,800,864,4
random_forest,0,d04,864,928,4
random_forest,0,d05,160,224,5
random_forest,0,d05,224,288,7
random_forest,0,d05,288,352,5
random_forest,0,d05,352,416,5
random_forest,0,d05,416,480,9
random_forest,0,d05,480,544,19
random_forest,0,d05,544,608,3
random_forest,0,d05,608,672,0
random_forest,0,d05,672,736,3
random_forest,0,d05,736,800,3
random_forest,0,d05,800,864,0
random_forest,0,d05,864,928,9
random_forest,0,d06,160,224,6
random_forest,0,d06,224,288,6
random_forest,0,d06,288,352,6
random_forest,0,d06,352,416,6
random_forest,0,d06,416,480,6
random_forest,0,d06,480,544,6
random_forest,0,d06,544,608,6
random_forest,0,d06,608,672,6
random_forest,0,d06,672,736,6
random_forest,0,d06,736,800,6
random_forest,0,d06,800,864,6
random_forest,0,d06,864,928,6
random_forest,0,d07,160,224,7
random_forest,0,d07,224,288,8
random_forest,0,d07,288,352,7
random_forest,0,d07,352,416,7
random_forest,0,d07,416,480,7
random_forest,0,d07,480,544,10
random_forest,0,d07,544,608,10
random_forest,0,d07,608,672,10
random_forest,0,d07,672,736,21
random_forest,0,d07,736,800,15
random_forest,0,d07,800,864,0
random_forest,0,d07,864,928,21
random_forest,0,d08,160,224,5
random_forest,0,d08,224,288,8
random_forest,0,d08,288,352,8
random_forest,0,d08,352,416,12
random_forest,0,d08,416,480,8
random_forest,0,d08,480,544,8
random_forest,0,d08,544,608,8
random_forest,0,d08,608,672,7
random_forest,0,d08,672,736,7
random_forest,0,d08,736,800,7
random_forest,0,d08,800,864,5
random_forest,0,d08,864,928,8
random_forest,0,d09,160,224,3
random_forest,0,d09,224,288,3
random_forest,0,d09,288,352,15
random_forest,0,d09,352,416,15
random_forest,0,d09,416,480,4
random_forest,0,d09,480,544,3
random_forest,0,d09,544,608,10
random_forest,0,d09,608,672,15
random_forest,0,d09,672,736,10
random_forest,0,d09,736,800,10
random_forest,0,d09,800,864,3
random_forest,0,d09,864,928,10
random_forest,0,d10,160,224,10
random_forest,0,d10,224,288,10
random_forest,0,d10,288,352,10
random_forest,0,d10,352,416,10
random_forest,0,d10,416,480,0
random_forest,0,d10,480,544,0
random_forest,0,d10,544,608,15
random_forest,0,d10,608,672,5
random_forest,0,d10,672,736,5
random_forest,0,d10,736,800,7
random_forest,0,d10,800,864,10
random_forest,0,d10,864,928,3
random_forest,0,d11,160,224,11
random_forest,0,d11,224,288,11
random_forest,0,d11,288,352,11
random_forest,0,d11,352,416,11
random_forest,0,d11,416,480,11
random_forest,0,d11,480,544,11
random_forest,0,d11,544,608,11
random_forest,0,d11,608,672,11
random_forest,0,d11,672,736,11
random_forest,0,d11,736,800,11
random_forest,0,d11,800,864,11
random_forest,0,d11,864,928,11
random_forest,0,d12,160,224,12
random_forest,0,d12,224,288,12
random_forest,0,d12,288,352,12
random_forest,0,d12,352,416,12
random_forest,0,d12,416,480,12
random_forest,0,d12,480,544,12
random_forest,0,d12,544,608,12
random_forest,0,d12,608,672,12
random_forest,0,d12,672,736,12
random_forest,0,d12,736,800,12
random_forest,0,d12,800,864,12
random_forest,0,d12,864,928,12
random_forest,0,d13,160,224,3
random_forest,0,d13,224,288,2
random_forest,0,d13,288,352,20
random_forest,0,d13,352,416,5
random_forest,0,d13,416,480,8
random_forest,0,d13,480,544,7
random_forest,0,d13,544,608,5
random_forest,0,d13,608,672,12
random_forest,0,d13,672,736,8
random_forest,0,d13,736,800,8
random_forest,0,d13,800,864,13
random_forest,0,d13,864,928,13
random_forest,0,d14,160,224,14
random_forest,0,d14,224,288,14
random_forest,0,d14,288,352,14
random_forest,0,d14,352,416,14
random_forest,0,d14,416,480,14
random_forest,0,d14,480,544,14
random_forest,0,d14,544,608,14
random_forest,0,d14,608,672,14
random_forest,0,d14,672,736,14
random_forest,0,d14,736,800,14
random_forest,0,d14,800,864,14
random_forest,0,d14,864,928,14
random_forest,0,d15,160,224,0
random_forest,0,d15,224,288,3
random_forest,0,d15,288,352,21
random_forest,0,d15,352,416,0
random_forest,0,d15,416,480,15
random_forest,0,d15,480,544,15
random_forest,0,d15,544,608,4
random_forest,0,d15,608,672,3
random_forest,0,d15,672,736,16
random_forest,0,d15,736,800,15
random_forest,0,d15,800,864,3
random_forest,0,d15,864,928,9
random_forest,0,d16,160,224,10
random_forest,0,d16,224,288,0
random_forest,0,d16,288,352,16
random_forest,0,d16,352,416,10
random_forest,0,d16,416,480,10
random_forest,0,d16,480,544,10
random_forest,0,d16,544,608,10
random_forest,0,d16,608,672,9
random_forest,0,d16,672,736,10
random_forest,0,d16,736,800,10
random_forest,0,d16,800,864,7
random_forest,0,d16,864,928,10
random_forest,0,d17,160,224,17
random_forest,0,d17,224,288,17
random_forest,0,d17,288,352,17
random_forest,0,d17,352,416,17
random_forest,0,d17,416,480,17
random_forest,0,d17,480,544,17
random_forest,0,d17,544,608,17
random_forest,0,d17,608,672,17
random_forest,0,d17,672,736,17
random_forest,0,d17,736,800,17
random_forest,0,d17,800,864,17
random_forest,0,d17,864,928,17
random_forest,0,d18,160,224,10
random_forest,0,d18,224,288,18
random_forest,0,d18,288,352,18
random_forest,0,d18,352,416,18
random_forest,0,d18,416,480,6
random_forest,0,d18,480,544,6
random_forest,0,d18,544,608,6
random_forest,0,d18,608,672,6
random_forest,0,d18,672,736,6
random_forest,0,d18,736,800,6
random_forest,0,d18,800,864,6
random_forest,0,d18,864,928,6
random_forest,0,d19,160,224,19
random_forest,0,d19,224,288,19
random_forest,0,d19,288,352,19
random_forest,0,d19,352,416,19
random_forest,0,d19,416,480,19
random_forest,0,d19,480,544,19
random_forest,0,d19,544,608,19
random_forest,0,d19,608,672,19
random_forest,0,d19,672,736,19
random_forest,0,d19,736,800,19
random_forest,0,d19,800,864,19
random_forest,0,d19,864,928,19
random_forest,0,d20,160,224,9
random_forest,0,d20,224,288,20
random_forest,0,d20,288,352,20
random_forest,0,d20,352,416,20
random_forest,0,d20,416,480,20
random_forest,0,d20,480,544,20
random_forest,0,d20,544,608,20
random_forest,0,d20,608,672,20
random_forest,0,d20,672,736,20
random_forest,0,d20,736,800,20
random_forest,0,d20,800,864,20
random_forest,0,d20,864,928,20
random_forest,0,d21,160,224,21
random_forest,0,d21,224,288,21
random_forest,0,d21,288,352,21
random_forest,0,d21,352,416,21
random_forest,0,d21,416,480,21
random_forest,0,d21,480,544,21
random_forest,0,d21,544,608,21
random_forest,0,d21,608,672,21
random_forest,0,d21,672,736,21
random_forest,0,d21,736,800,21
random_forest,0,d21,800,864,21
random_forest,0,d21,864,928,21
random_forest,1,d00,0,64,15
random_forest,1,d00,64,128,15
random_forest,1,d00,128,192,3
random_forest,1,d00,192,256,10
random_forest,1,d00,256,320,9
random_forest,1,d00,320,384,0
random_forest,1,d00,384,448,15
random_forest,1,d00,448,512,21
random_forest,1,d00,512,576,4
random_forest,1,d00,576,640,15
random_forest,1,d00,640,704,3
random_forest,1,d00,704,768,10
random_forest,1,d00,768,832,3
random_forest,1,d00,832,896,9
random_forest,1,d00,896,960,3
random_forest,1,d01,160,224,1
random_forest,1,d01,224,288,1
random_forest,1,d01,288,352,1
random_forest,1,d01,352,416,1
random_forest,1,d01,416,480,1
random_forest,1,d01,480,544,1
random_forest,1,d01,544,608,1
random_forest,1,d01,608,672,1
random_forest,1,d01,672,736,1
random_forest,1,d01,736,800,1
random_forest,1,d01,800,864,1
random_forest,1,d01,864,928,1
random_forest,1,d02,160,224,2
random_forest,1,d02,224,288,2
random_forest,1,d02,288,352,2
random_forest,1,d02,352,416,2
random_forest,1,d02,416,480,2
random_forest,1,d02,480,544,2
random_forest,1,d02,544,608,2
random_forest,1,d02,608,672,2
random_forest,1,d02,672,736,2
random_forest,1,d02,736,800,2
random_forest,1,d02,800,864,2
random_forest,1,d02,864,928,2
random_forest,1,d03,160,224,10
random_forest,1,d03,224,288,19
random_forest,1,d03,288,352,3
random_forest,1,d03,352,416,4
random_forest,1,d03,416,480,0
random_forest,1,d03,480,544,3
random_forest,1,d03,544,608,10
random_forest,1,d03,608,672,3
random_forest,1,d03,672,736,3
random_forest,1,d03,736,800,9
random_forest,1,d03,800,864,3
random_forest,1,d03,864,928,16
random_forest,1,d04,160,224,4
random_forest,1,d04,224,288,4
random_forest,1,d04,288,352,4
random_forest,1,d04,352,416,4
random_forest,1,d04,416,480,4
random_forest,1,d04,480,544,4
random_forest,1,d04,544,608,4
random_forest,1,d04,608,672,4
random_forest,1,d04,672,736,4
random_forest,1,d04,736,800,4
random_forest,1,d04,800,864,4
random_forest,1,d04,864,928,4
random_forest,1,d05,160,224,5
random_forest,1,d05,224,288,7
random_forest,1,d05,288,352,5
random_forest,1,d05,352,416,5
random_forest,1,d05,416,480,5
random_forest,1,d05,480,544,5
random_forest,1,d05,544,608,3
random_forest,1,d05,608,672,3
random_forest,1,d05,672,736,3
random_forest,1,d05,736,800,3
random_forest,1,d05,800,864,5
random_forest,1,d05,864,928,0
random_forest,1,d06,160,224,6
random_forest,1,d06,224,288,6
random_forest,1,d06,288,352,6
random_forest,1,d06,352,416,6
random_forest,1,d06,416,480,6
random_forest,1,d06,480,544,6
random_forest,1,d06,544,608,6
random_forest,1,d06,608,672,6
random_forest,1,d06,672,736,6
random_forest,1,d06,736,800,6
random_forest,1,d06,800,864,6
random_forest,1,d06,864,928,6
random_forest,1,d07,160,224,7
random_forest,1,d07,224,288,8
random_forest,1,d07,288,352,7
random_forest,1,d07,352,416,7
random_forest,1,d07,416,480,7
random_forest,1,d07,480,544,10
random_forest,1,d07,544,608,10
random_forest,1,d07,608,672,10
random_forest,1,d07,672,736,21
random_forest,1,d07,736,800,15
random_forest,1,d07,800,864,16
random_forest,1,d07,864,928,21
random_forest,1,d08,160,224,5
random_forest,1,d08,224,288,8
random_forest,1,d08,288,352,8
random_forest,1,d08,352,416,5
random_forest,1,d08,416,480,8
random_forest,1,d08,480,544,8
random_forest,1,d08,544,608,8
random_forest,1,d08,608,672,7
random_forest,1,d08,672,736,5
random_forest,1,d08,736,800,7
random_forest,1,d08,800,864,5
random_forest,1,d08,864,928,8
random_forest,1,d09,160,224,9
random_forest,1,d09,224,288,4
random_forest,1,d09,288,352,10
random_forest,1,d09,352,416,3
random_forest,1,d09,416,480,4
random_forest,1,d09,480,544,3
random_forest,1,d09,544,608,16
random_forest,1,d09,608,672,3
random_forest,1,d09,672,736,10
random_forest,1,d09,736,800,0
random_forest,1,d09,800,864,3
random_forest,1,d09,864,928,10
random_forest,1,d10,160,224,10
random_forest,1,d10,224,288,10
random_forest,1,d10,288,352,10
random_forest,1,d10,352,416,10
random_forest,1,d10,416,480,16
random_forest,1,d10,480,544,9
random_forest,1,d10,544,608,15
random_forest,1,d10,608,672,5
random_forest,1,d10,672,736,5
random_forest,1,d10,736,800,7
random_forest,1,d10,800,864,10
random_forest,1,d10,864,928,3
random_forest,1,d11,160,224,11
random_forest,1,d11,224,288,11
random_forest,1,d11,288,352,11
random_forest,1,d11,352,416,11
random_forest,1,d11,416,480,17
random_forest,1,d11,480,544,11
random_forest,1,d11,544,608,11
random_forest,1,d11,608,672,11
random_forest,1,d11,672,736,11
random_forest,1,d11,736,800,11
random_forest,1,d11,800,864,11
random_forest,1,d11,864,928,11
random_forest,1,d12,160,224,12
random_forest,1,d12,224,288,12
random_forest,1,d12,288,352,12
random_forest,1,d12,352,416,12
random_forest,1,d12,416,480,12
random_forest,1,d12,480,544,12
random_forest,1,d12,544,608,12
random_forest,1,d12,608,672,12
random_forest,1,d12,672,736,12
random_forest,1,d12,736,800,12
random_forest,1,d12,800,864,8
random_forest,1,d12,864,928,12
random_forest,1,d13,160,224,3
random_forest,1,d13,224,288,7
random_forest,1,d13,288,352,20
random_forest,1,d13,352,416,5
random_forest,1,d13,416,480,8
random_forest,1,d13,480,544,7
random_forest,1,d13,544,608,5
random_forest,1,d13,608,672,12
random_forest,1,d13,672,736,8
random_forest,1,d13,736,800,13
random_forest,1,d13,800,864,13
random_forest,1,d13,864,928,8
random_forest,1,d14,160,224,14
random_forest,1,d14,224,288,14
random_forest,1,d14,288,352,14
random_forest,1,d14,352,416,14
random_forest,1,d14,416,480,14
random_forest,1,d14,480,544,14
random_forest,1,d14,544,608,14
random_forest,1,d14,608,672,14
random_forest,1,d14,672,736,14
random_forest,1,d14,736,800,14
random_forest,1,d14,800,864,14
random_forest,1,d14,864,928,14
random_forest,1,d15,160,224,0
random_forest,1,d15,224,288,3
random_forest,1,d15,288,352,21
random_forest,1,d15,352,416,0
random_forest,1,d15,416,480,15
random_forest,1,d15,480,544,15
random_forest,1,d15,544,608,4
random_forest,1,d15,608,672,3
random_forest,1,d15,672,736,16
random_forest,1,d15,736,800,20
random_forest,1,d15,800,864,3
random_forest,1,d15,864,928,9
random_forest,1,d16,160,224,10
random_forest,1,d16,224,288,9
random_forest,1,d16,288,352,4
random_forest,1,d16,352,416,10
random_forest,1,d16,416,480,10
random_forest,1,d16,480,544,10
random_forest,1,d16,544,608,10
random_forest,1,d16,608,672,9
random_forest,1,d16,672,736,10
random_forest,1,d16,736,800,5
random_forest,1,d16,800,864,7
random_forest,1,d16,864,928,10
random_forest,1,d17,160,224,17
random_forest,1,d17,224,288,17
random_forest,1,d17,288,352,17
random_forest,1,d17,352,416,17
random_forest,1,d17,416,480,17
random_forest,1,d17,480,544,17
random_forest,1,d17,544,608,17
random_forest,1,d17,608,672,17
random_forest,1,d17,672,736,17
random_forest,1,d17,736,800,17
random_forest,1,d17,800,864,17
random_forest,1,d17,864,928,17
random_forest,1,d18,160,224,16
random_forest,1,d18,224,288,18
random_forest,1,d18,288,352,18
random_forest,1,d18,352,416,18
random_forest,1,d18,416,480,6
random_forest,1,d18,480,544,6
random_forest,1,d18,544,608,6
random_forest,1,d18,608,672,6
random_forest,1,d18,672,736,6
random_forest,1,d18,736,800,6
random_forest,1,d18,800,864,6
random_forest,1,d18,864,928,6
random_forest,1,d19,160,224,19
random_forest,1,d19,224,288,19
random_forest,1,d19,288,352,19
random_forest,1,d19,352,416,19
random_forest,1,d19,416,480,19
random_forest,1,d19,480,544,19
random_forest,1,d19,544,608,19
random_forest,1,d19,608,672,19
random_forest,1,d19,672,736,19
random_forest,1,d19,736,800,19
random_forest,1,d19,800,864,19
random_forest,1,d19,864,928,19
random_forest,1,d20,160,224,3
random_forest,1,d20,224,288,20
random_forest,1,d20,288,352,20
random_forest,1,d20,352,416,20
random_forest,1,d20,416,480,20
random_forest,1,d20,480,544,20
random_forest,1,d20,544,608,20
random_forest,1,d20,608,672,20
random_forest,1,d20,672,736,20
random_forest,1,d20,736,800,20
random_forest,1,d20,800,864,20
random_forest,1,d20,864,928,20
random_forest,1,d21,160,224,21
random_forest,1,d21,224,288,21
random_forest,1,d21,288,352,21
random_forest,1,d21,352,416,21
random_forest,1,d21,416,480,21
random_forest,1,d21,480,544,21
random_forest,1,d21,544,608,21
random_forest,1,d21,608,672,21
random_forest,1,d21,672,736,21
random_forest,1,d21,736,800,21
random_forest,1,d21,800,864,21
random_forest,1,d21,864,928,21
random_forest,2,d00,0,64,0
random_forest,2,d00,64,128,15
random_forest,2,d00,128,192,3
random_forest,2,d00,192,256,16
random_forest,2,d00,256,320,15
random_forest,2,d00,320,384,0
random_forest,2,d00,384,448,15
random_forest,2,d00,448,512,21
random_forest,2,d00,512,576,4
random_forest,2,d00,576,640,15
random_forest,2,d00,640,704,3
random_forest,2,d00,704,768,10
random_forest,2,d00,768,832,3
random_forest,2,d00,832,896,16
random_forest,2,d00,896,960,3
random_forest,2,d01,160,224,1
random_forest,2,d01,224,288,1
random_forest,2,d01,288,352,1
random_forest,2,d01,352,416,1
random_forest,2,d01,416,480,1
random_forest,2,d01,480,544,1
random_forest,2,d01,544,608,1
random_forest,2,d01,608,672,1
random_forest,2,d01,672,736,1
random_forest,2,d01,736,800,1
random_forest,2,d01,800,864,1
random_forest,2,d01,864,928,1
random_forest,2,d02,160,224,2
random_forest,2,d02,224,288,2
random_forest,2,d02,288,352,2
random_forest,2,d02,352,416,2
random_forest,2,d02,416,480,2
random_forest,2,d02,480,544,2
random_forest,2,d02,544,608,2
random_forest,2,d02,608,672,2
random_forest,2,d02,672,736,2
random_forest,2,d02,736,800,2
random_forest,2,d02,800,864,2
random_forest,2,d02,864,928,2
random_forest,2,d03,160,224,10
random_forest,2,d03,224,288,16
random_forest,2,d03,288,352,15
random_forest,2,d03,352,416,16
random_forest,2,d03,416,480,19
random_forest,2,d03,480,544,3
random_forest,2,d03,544,608,10
random_forest,2,d03,608,672,3
random_forest,2,d03,672,736,3
random_forest,2,d03,736,800,0
random_forest,2,d03,800,864,3
random_forest,2,d03,864,928,16
random_forest,2,d04,160,224,4
random_forest,2,d04,224,288,4
random_forest,2,d04,288,352,4
random_forest,2,d04,352,416,4
random_forest,2,d04,416,480,4
random_forest,2,d04,480,544,4
random_forest,2,d04,544,608,4
random_forest,2,d04,608,672,4
random_forest,2,d04,672,736,4
random_forest,2,d04,736,800,4
random_forest,2,d04,800,864,4
random_forest,2,d04,864,928,4
random_forest,2,d05,160,224,5
random_forest,2,d05,224,288,7
random_forest,2,d05,288,352,5
random_forest,2,d05,352,416,5
random_forest,2,d05,416,480,5
random_forest,2,d05,480,544,9
random_forest,2,d05,544,608,3
random_forest,2,d05,608,672,0
random_forest,2,d05,672,736,3
random_forest,2,d05,736,800,3
random_forest,2,d05,800,864,4
random_forest,2,d05,864,928,0
random_forest,2,d06,160,224,6
random_forest,2,d06,224,288,6
random_forest,2,d06,288,352,6
random_forest,2,d06,352,416,6
random_forest,2,d06,416,480,6
random_forest,2,d06,480,544,6
random_forest,2,d06,544,608,6
random_forest,2,d06,608,672,6
random_forest,2,d06,672,736,6
random_forest,2,d06,736,800,6
random_forest,2,d06,800,864,6
random_forest,2,d06,864,928,6
random_forest,2,d07,160,224,7
random_forest,2,d07,224,288,8
random_forest,2,d07,288,352,7
random_forest,2,d07,352,416,7
random_forest,2,d07,416,480,7
random_forest,2,d07,480,544,10
random_forest,2,d07,544,608,16
random_forest,2,d07,608,672,10
random_forest,2,d07,672,736,21
random_forest,2,d07,736,800,15
random_forest,2,d07,800,864,9
random_forest,2,d07,864,928,21
random_forest,2,d08,160,224,5
random_forest,2,d08,224,288,8
random_forest,2,d08,288,352,8
random_forest,2,d08,352,416,5
random_forest,2,d08,416,480,8
random_forest,2,d08,480,544,8
random_forest,2,d08,544,608,8
random_forest,2,d08,608,672,7
random_forest,2,d08,672,736,7
random_forest,2,d08,736,800,7
random_forest,2,d08,800,864,5
random_forest,2,d08,864,928,5
random_forest,2,d09,160,224,15
random_forest,2,d09,224,288,3
random_forest,2,d09,288,352,15
random_forest,2,d09,352,416,15
random_forest,2,d09,416,480,4
random_forest,2,d09,480,544,3
random_forest,2,d09,544,608,4
random_forest,2,d09,608,672,3
random_forest,2,d09,672,736,3
random_forest,2,d09,736,800,16
random_forest,2,d09,800,864,3
random_forest,2,d09,864,928,10
random_forest,2,d10,160,224,10
random_forest,2,d10,224,288,10
random_forest,2,d10,288,352,10
random_forest,2,d10,352,416,10
random_forest,2,d10,416,480,0
random_forest,2,d10,480,544,0
random_forest,2,d10,544,608,15
random_forest,2,d10,608,672,5
random_forest,2,d10,672,736,5
random_forest,2,d10,736,800,7
random_forest,2,d10,800,864,10
random_forest,2,d10,864,928,3
random_forest,2,d11,160,224,11
random_forest,2,d11,224,288,11
random_forest,2,d11,288,352,11
random_forest,2,d11,352,416,11
random_forest,2,d11,416,480,11
random_forest,2,d11,480,544,11
random_forest,2,d11,544,608,11
random_forest,2,d11,608,672,11
random_forest,2,d11,672,736,11
random_forest,2,d11,736,800,11
random_forest,2,d11,800,864,11
random_forest,2,d11,864,928,11
random_forest,2,d12,160,224,12
random_forest,2,d12,224,288,12
random_forest,2,d12,288,352,12
random_forest,2,d12,352,416,12
random_forest,2,d12,416,480,12
random_forest,2,d12,480,544,12
random_forest,2,d12,544,608,12
random_forest,2,d12,608,672,12
random_forest,2,d12,672,736,12
random_forest,2,d12,736,800,12
random_forest,2,d12,800,864,12
random_forest,2,d12,864,928,12
random_forest,2,d13,160,224,10
random_forest,2,d13,224,288,7
random_forest,2,d13,288,352,20
random_forest,2,d13,352,416,5
random_forest,2,d13,416,480,8
random_forest,2,d13,480,544,7
random_forest,2,d13,544,608,5
random_forest,2,d13,608,672,12
random_forest,2,d13,672,736,8
random_forest,2,d13,736,800,12
random_forest,2,d13,800,864,13
random_forest,2,d13,864,928,13
random_forest,2,d14,160,224,14
random_forest,2,d14,224,288,14
random_forest,2,d14,288,352,14
random_forest,2,d14,352,416,14
random_forest,2,d14,416,480,14
random_forest,2,d14,480,544,14
random_forest,2,d14,544,608,14
random_forest,2,d14,608,672,14
random_forest,2,d14,672,736,14
random_forest,2,d14,736,800,14
random_forest,2,d14,800,864,14
random_forest,2,d14,864,928,14
random_forest,2,d15,160,224,0
random_forest,2,d15,224,288,3
random_forest,2,d15,288,352,21
random_forest,2,d15,352,416,0
random_forest,2,d15,416,480,15
random_forest,2,d15,480,544,15
random_forest,2,d15,544,608,11
random_forest,2,d15,608,672,3
random_forest,2,d15,672,736,16
random_forest,2,d15,736,800,5
random_forest,2,d15,800,864,3
random_forest,2,d15,864,928,16
random_forest,2,d16,160,224,10
random_forest,2,d16,224,288,9
random_forest,2,d16,288,352,4
random_forest,2,d16,352,416,10
random_forest,2,d16,416,480,10
random_forest,2,d16,480,544,10
random_forest,2,d16,544,608,10
random_forest,2,d16,608,672,9
random_forest,2,d16,672,736,10
random_forest,2,d16,736,800,5
random_forest,2,d16,800,864,7
random_forest,2,d16,864,928,5
random_forest,2,d17,160,224,17
random_forest,2,d17,224,288,17
random_forest,2,d17,288,352,17
random_forest,2,d17,352,416,17
random_forest,2,d17,416,480,17
random_forest,2,d17,480,544,17
random_forest,2,d17,544,608,17
random_forest,2,d17,608,672,17
random_forest,2,d17,672,736,17
random_forest,2,d17,736,800,17
random_forest,2,d17,800,864,17
random_forest,2,d17,864,928,17
random_forest,2,d18,160,224,10
random_forest,2,d18,224,288,18
random_forest,2,d18,288,352,18
random_forest,2,d18,352,416,18
random_forest,2,d18,416,480,6
random_forest,2,d18,480,544,6
random_forest,2,d18,544,608,6
random_forest,2,d18,608,672,6
random_forest,2,d18,672,736,6
random_forest,2,d18,736,800,6
random_forest,2,d18,800,864,6
random_forest,2,d18,864,928,6
random_forest,2,d19,160,224,19
random_forest,2,d19,224,288,19
random_forest,2,d19,288,352,19
random_forest,2,d19,352,416,19
random_forest,2,d19,416,480,19
random_forest,2,d19,480,544,19
random_forest,2,d19,544,608,19
random_forest,2,d19,608,672,19
random_forest,2,d19,672,736,19
random_forest,2,d19,736,800,19
random_forest,2,d19,800,864,19
random_forest,2,d19,864,928,19
random_forest,2,d20,160,224,3
random_forest,2,d20,224,288,20
random_forest,2,d20,288,352,20
random_forest,2,d20,352,416,20
random_forest,2,d20,416,480,20
random_forest,2,d20,480,544,20
random_forest,2,d20,544,608,20
random_forest,2,d20,608,672,20
random_forest,2,d20,672,736,20
random_forest,2,d20,736,800,20
random_forest,2,d20,800,864,20
random_forest,2,d20,864,928,20
random_forest,2,d21,160,224,21
random_forest,2,d21,224,288,21
random_forest,2,d21,288,352,21
random_forest,2,d21,352,416,21
random_forest,2,d21,416,480,21
random_forest,2,d21,480,544,21
random_forest,2,d21,544,608,21
random_forest,2,d21,608,672,21
random_forest,2,d21,672,736,21
random_forest,2,d21,736,800,21
random_forest,2,d21,800,864,21
random_forest,2,d21,864,928,21
