dataset,split,method,k,metric,mean,ci95_low,ci95_high,n_clusters,n_units,n_seeds
smd,group23_evaluation,baro_robust_scorer,1,precision,0.6851851851851852,0.5901504021033096,0.770130361648444,20,216,1
smd,group23_evaluation,baro_robust_scorer,1,recall,0.1714264067630193,0.1290921088753497,0.20705476586633612,20,216,1
smd,group23_evaluation,baro_robust_scorer,1,f1,0.2523124581531156,0.19685170030183666,0.29782551709318406,20,216,1
smd,group23_evaluation,baro_robust_scorer,1,ndcg,0.6851851851851852,0.5901504021033096,0.770130361648444,20,216,1
smd,group23_evaluation,baro_robust_scorer,1,hit,0.6851851851851852,0.5901504021033096,0.770130361648444,20,216,1
smd,group23_evaluation,baro_robust_scorer,3,precision,0.5601851851851852,0.481954887218045,0.6322400137741047,20,216,1
smd,group23_evaluation,baro_robust_scorer,3,recall,0.35841941197826915,0.27050950530699425,0.4301461767299036,20,216,1
smd,group23_evaluation,baro_robust_scorer,3,f1,0.3903751555915229,0.30675935052372705,0.45984448780946907,20,216,1
smd,group23_evaluation,baro_robust_scorer,3,ndcg,0.6177310747904956,0.5342307600769372,0.6918315374601579,20,216,1
smd,group23_evaluation,baro_robust_scorer,3,hit,0.8101851851851852,0.7180785232778597,0.8888888888888888,20,216,1
smd,group23_evaluation,baro_robust_scorer,5,precision,0.46481481481481485,0.404182378566386,0.5288970037453182,20,216,1
smd,group23_evaluation,baro_robust_scorer,5,recall,0.45740042282449295,0.36604007890121404,0.53459680304823,20,216,1
smd,group23_evaluation,baro_robust_scorer,5,f1,0.40442323350603815,0.33866181603109885,0.4656447207457494,20,216,1
smd,group23_evaluation,baro_robust_scorer,5,ndcg,0.6055238661017744,0.528704148694251,0.6766668892037759,20,216,1
smd,group23_evaluation,baro_robust_scorer,5,hit,0.8703703703703703,0.7972333927484566,0.9311926605504587,20,216,1
smd,group23_evaluation,pca_q,1,precision,0.5787037037037037,0.41275809255733087,0.7222491909385111,20,216,1
smd,group23_evaluation,pca_q,1,recall,0.16962203835856357,0.09647656455989219,0.25044810742081686,20,216,1
smd,group23_evaluation,pca_q,1,f1,0.23419238473763457,0.14554950798998925,0.3172386977175632,20,216,1
smd,group23_evaluation,pca_q,1,ndcg,0.5787037037037037,0.41275809255733087,0.7222491909385111,20,216,1
smd,group23_evaluation,pca_q,1,hit,0.5787037037037037,0.41275809255733087,0.7222491909385111,20,216,1
smd,group23_evaluation,pca_q,3,precision,0.5555555555555556,0.5050895910850528,0.604293226848215,20,216,1
smd,group23_evaluation,pca_q,3,recall,0.40309228181242507,0.33289880723946913,0.46225497649233793,20,216,1
smd,group23_evaluation,pca_q,3,f1,0.41254704664356584,0.36090105804504174,0.4555660928903425,20,216,1
smd,group23_evaluation,pca_q,3,ndcg,0.6037372015668162,0.5384508576851083,0.6666216200897623,20,216,1
smd,group23_evaluation,pca_q,3,hit,0.8564814814814815,0.7943891696105173,0.9043919559855814,20,216,1
smd,group23_evaluation,pca_q,5,precision,0.4851851851851852,0.42938298475169995,0.5414927975160339,20,216,1
smd,group23_evaluation,pca_q,5,recall,0.5476250098710829,0.45148060200353207,0.6373521004872748,20,216,1
smd,group23_evaluation,pca_q,5,f1,0.45257586852512716,0.38235308660845113,0.5162350717832446,20,216,1
smd,group23_evaluation,pca_q,5,ndcg,0.6227142539533511,0.5570317550555972,0.6836129515997362,20,216,1
smd,group23_evaluation,pca_q,5,hit,0.9212962962962963,0.8669945089709405,0.9637364047985809,20,216,1
smd,group23_evaluation,robust_z,1,precision,0.7361111111111112,0.6317994263018535,0.8273254307552791,20,216,1
smd,group23_evaluation,robust_z,1,recall,0.2327929613383157,0.1680211593918454,0.30540765893760435,20,216,1
smd,group23_evaluation,robust_z,1,f1,0.31928560883128715,0.2448463111799065,0.38748868467565706,20,216,1
smd,group23_evaluation,robust_z,1,ndcg,0.7361111111111112,0.6317994263018535,0.8273254307552791,20,216,1
smd,group23_evaluation,robust_z,1,hit,0.7361111111111112,0.6317994263018535,0.8273254307552791,20,216,1
smd,group23_evaluation,robust_z,3,precision,0.6481481481481481,0.5590809753853231,0.7176132604328316,20,216,1
smd,group23_evaluation,robust_z,3,recall,0.5042844868390169,0.40579786776964183,0.5880210224892601,20,216,1
smd,group23_evaluation,robust_z,3,f1,0.5075204888755835,0.41469328352350865,0.5828230139609518,20,216,1
smd,group23_evaluation,robust_z,3,ndcg,0.7240886364494022,0.6356141993994735,0.7941680564597947,20,216,1
smd,group23_evaluation,robust_z,3,hit,0.9212962962962963,0.867813811348294,0.9620853080568721,20,216,1
smd,group23_evaluation,robust_z,5,precision,0.561111111111111,0.49953672476379274,0.6089586160108549,20,216,1
smd,group23_evaluation,robust_z,5,recall,0.660642938444567,0.5519050985405041,0.7399518341640057,20,216,1
smd,group23_evaluation,robust_z,5,f1,0.5403658932680258,0.46297971885920464,0.5985548530291102,20,216,1
smd,group23_evaluation,robust_z,5,ndcg,0.7487049792297158,0.6660847052559434,0.812218450740769,20,216,1
smd,group23_evaluation,robust_z,5,hit,0.9537037037037037,0.9090818903318904,0.9874490062761506,20,216,1
smd,group23_evaluation,sarad_official,1,precision,0.7916666666666666,0.6983081340834506,0.8630509680560235,20,216,3
smd,group23_evaluation,sarad_official,1,recall,0.2223749952116077,0.1752753128704412,0.26172131386384334,20,216,3
smd,group23_evaluation,sarad_official,1,f1,0.3131946572297591,0.25527577990668743,0.35929319453229086,20,216,3
smd,group23_evaluation,sarad_official,1,ndcg,0.7916666666666666,0.6983081340834506,0.8630509680560235,20,216,3
smd,group23_evaluation,sarad_official,1,hit,0.7916666666666666,0.6983081340834506,0.8630509680560235,20,216,3
smd,group23_evaluation,sarad_official,3,precision,0.6291152263374485,0.5518137614142291,0.7114577635383292,20,216,3
smd,group23_evaluation,sarad_official,3,recall,0.4448688993339743,0.3673986397634626,0.510440670824051,20,216,3
smd,group23_evaluation,sarad_official,3,f1,0.45489669063411825,0.3872799873071201,0.5178952101259796,20,216,3
smd,group23_evaluation,sarad_official,3,ndcg,0.7169407314846714,0.641955731204403,0.7904242631617378,20,216,3
smd,group23_evaluation,sarad_official,3,hit,0.9228395061728395,0.8777264448804225,0.9628137434955616,20,216,3
smd,group23_evaluation,sarad_official,5,precision,0.5154320987654322,0.4491619367045064,0.5930862235067437,20,216,3
smd,group23_evaluation,sarad_official,5,recall,0.549137027829966,0.46658451504314125,0.6228800276372409,20,216,3
smd,group23_evaluation,sarad_official,5,f1,0.4599156377063479,0.3977749172891491,0.5196799719308635,20,216,3
smd,group23_evaluation,sarad_official,5,ndcg,0.7011408763912844,0.6283621074485624,0.7741001898030575,20,216,3
smd,group23_evaluation,sarad_official,5,hit,0.9490740740740741,0.9111088977423637,0.9829607851773549,20,216,3
smd,group23_evaluation,tranad_official,1,precision,0.5617283950617283,0.4449046104928458,0.6852900652646844,20,216,3
smd,group23_evaluation,tranad_official,1,recall,0.15118172920625023,0.09612028718983785,0.2029100095929282,20,216,3
smd,group23_evaluation,tranad_official,1,f1,0.2071639852268649,0.1428095730919902,0.2689117163559025,20,216,3
smd,group23_evaluation,tranad_official,1,ndcg,0.5617283950617283,0.4449046104928458,0.6852900652646844,20,216,3
smd,group23_evaluation,tranad_official,1,hit,0.5617283950617283,0.4449046104928458,0.6852900652646844,20,216,3
smd,group23_evaluation,tranad_official,3,precision,0.5596707818930041,0.4778339569969113,0.6347883383220936,20,216,3
smd,group23_evaluation,tranad_official,3,recall,0.39029804429334797,0.29967716190105187,0.45912482888852735,20,216,3
smd,group23_evaluation,tranad_official,3,f1,0.3953721795519716,0.31952001335170416,0.45300948795796997,20,216,3
smd,group23_evaluation,tranad_official,3,ndcg,0.6106417426680109,0.514004014657656,0.6947279019986385,20,216,3
smd,group23_evaluation,tranad_official,3,hit,0.8410493827160493,0.7469163191055107,0.9096494102228047,20,216,3
smd,group23_evaluation,tranad_official,5,precision,0.5074074074074074,0.42955808530861994,0.5781231884057971,20,216,3
smd,group23_evaluation,tranad_official,5,recall,0.534609615806209,0.41347522310268836,0.6285717429435527,20,216,3
smd,group23_evaluation,tranad_official,5,f1,0.4489505959479074,0.3676332792403687,0.5159678774238348,20,216,3
smd,group23_evaluation,tranad_official,5,ndcg,0.6361915996966077,0.534759501753916,0.7203706337071146,20,216,3
smd,group23_evaluation,tranad_official,5,hit,0.9027777777777778,0.8325173729390927,0.9549161983634032,20,216,3
smd,group23_evaluation,treeshap_iforest,1,precision,0.5802469135802469,0.46419590362985685,0.6729410331384016,20,216,3
smd,group23_evaluation,treeshap_iforest,1,recall,0.12845274137309573,0.08450439303306576,0.16625885157473866,20,216,3
smd,group23_evaluation,treeshap_iforest,1,f1,0.1947973258708981,0.13219145137828842,0.24784662556404505,20,216,3
smd,group23_evaluation,treeshap_iforest,1,ndcg,0.5802469135802469,0.46419590362985685,0.6729410331384016,20,216,3
smd,group23_evaluation,treeshap_iforest,1,hit,0.5802469135802469,0.46419590362985685,0.6729410331384016,20,216,3
smd,group23_evaluation,treeshap_iforest,3,precision,0.5704732510288065,0.47866732294698383,0.6451417014036914,20,216,3
smd,group23_evaluation,treeshap_iforest,3,recall,0.3599914914547962,0.2565009655122392,0.4427726297223252,20,216,3
smd,group23_evaluation,treeshap_iforest,3,f1,0.3939077058356278,0.29514773419385293,0.4732670931031436,20,216,3
smd,group23_evaluation,treeshap_iforest,3,ndcg,0.5977046690758082,0.4929019888740445,0.6821345360533773,20,216,3
smd,group23_evaluation,treeshap_iforest,3,hit,0.7916666666666666,0.6921477298784682,0.8677732529511185,20,216,3
smd,group23_evaluation,treeshap_iforest,5,precision,0.5141975308641975,0.44139401630518377,0.572006784660767,20,216,3
smd,group23_evaluation,treeshap_iforest,5,recall,0.5179939415019236,0.38887679733020203,0.6161042478126828,20,216,3
smd,group23_evaluation,treeshap_iforest,5,f1,0.4560640771239306,0.36269223984486604,0.5295183428680418,20,216,3
smd,group23_evaluation,treeshap_iforest,5,ndcg,0.6200966905473138,0.5128164439921776,0.7040090044839729,20,216,3
smd,group23_evaluation,treeshap_iforest,5,hit,0.8518518518518519,0.7664317496114345,0.9188425381903642,20,216,3
