split,method,seed,k,precision,recall,f1,ndcg,hit
group1_development,sarad_official,0,1,0.7117117117117117,0.1454567076788189,0.21972058885024615,0.7117117117117117,0.7117117117117117
group1_development,sarad_official,0,3,0.6306306306306306,0.35697023996010313,0.39184639308420227,0.6864466046085916,0.8558558558558559
group1_development,sarad_official,0,5,0.563963963963964,0.4740828491639937,0.4397076043529133,0.6869146011418061,0.8828828828828829
group1_development,sarad_official,1,1,0.7207207207207207,0.17125035847246972,0.2437358720760557,0.7207207207207207,0.7207207207207207
group1_development,sarad_official,1,3,0.6756756756756757,0.41250697417330795,0.4377350045065329,0.7406134852794891,0.9099099099099099
group1_development,sarad_official,1,5,0.5837837837837837,0.513601674712231,0.4628015058678674,0.7303196581100513,0.9459459459459459
group1_development,sarad_official,2,1,0.8018018018018018,0.18706617428828556,0.27131504044469773,0.8018018018018018,0.8018018018018018
group1_development,sarad_official,2,3,0.6846846846846847,0.40654401913914545,0.4373635454394217,0.7632373183217434,0.9009009009009009
group1_development,sarad_official,2,5,0.5891891891891893,0.5130780876174365,0.4667169547833163,0.7493119826782302,0.9279279279279279
group23_evaluation,sarad_official,0,1,0.7824074074074074,0.22059662954435316,0.3101082374766727,0.7824074074074074,0.7824074074074074
group23_evaluation,sarad_official,0,3,0.617283950617284,0.4372350707442634,0.4445600182254597,0.7061184721107707,0.9166666666666666
group23_evaluation,sarad_official,0,5,0.5055555555555555,0.5337919776469529,0.4476617654031593,0.6883402719571378,0.9398148148148148
group23_evaluation,sarad_official,1,1,0.7962962962962963,0.22565615335387698,0.3163582374766727,0.7962962962962963,0.7962962962962963
group23_evaluation,sarad_official,1,3,0.6311728395061729,0.44806143168027335,0.4583942457062013,0.7202367958925975,0.9259259259259259
group23_evaluation,sarad_official,1,5,0.5194444444444445,0.5604410318362117,0.4682207625099593,0.7067763677557635,0.9583333333333334
group23_evaluation,sarad_official,2,1,0.7962962962962963,0.22087220273659303,0.313117496735932,0.7962962962962963,0.7962962962962963
group23_evaluation,sarad_official,2,3,0.6388888888888888,0.44931019557738605,0.46173580797069386,0.7244669264506458,0.9259259259259259
group23_evaluation,sarad_official,2,5,0.5212962962962963,0.5531780740067335,0.46386438520592527,0.7083059894609517,0.9490740740740741
