dataset,item,method,seed,seconds,n_scored,n_anomaly,precision,recall,point_f1,auprc,auroc,normal_fpr,event_recall,n_events,n_hit_events,detected_event_median_delay,threshold
skab,other/1.csv,tranad_official,0,8.742867946624756,745,188,0.2523489932885906,1.0,0.4030010718113612,0.8406678372232788,0.9174529202796133,1.0,1.0,1,1,0.0,0.18321806758963757
skab,other/1.csv,tranad_official,1,6.165743827819824,745,188,0.2523489932885906,1.0,0.4030010718113612,0.8731233809995256,0.923192253332824,1.0,1.0,1,1,0.0,0.175657794834518
skab,other/1.csv,tranad_official,2,5.863273620605469,745,188,0.2523489932885906,1.0,0.4030010718113612,0.6776890790265544,0.8214026509797929,1.0,1.0,1,1,0.0,0.19840167813161202
skab,other/10.csv,tranad_official,0,0.0285341739654541,1327,586,0.44159758854559156,1.0,0.6126502875065343,0.7234733736694166,0.7727289475987159,1.0,1.0,1,1,0.0,0.18321806758963757
skab,other/10.csv,tranad_official,1,0.03658008575439453,1327,586,0.44159758854559156,1.0,0.6126502875065343,0.8210535731281534,0.8525813746758599,1.0,1.0,1,1,0.0,0.175657794834518
skab,other/10.csv,tranad_official,2,0.034537553787231445,1327,586,0.44803695150115475,0.9931740614334471,0.6175066312997347,0.8376122311412855,0.8602686158820523,0.9676113360323887,1.0,1,1,0.0,0.19840167813161202
skab,other/11.csv,tranad_official,0,0.030127286911010742,1190,451,0.37899159663865545,1.0,0.5496648385131018,0.6490676216926587,0.7538652640801227,1.0,1.0,1,1,0.0,0.18321806758963757
skab,other/11.csv,tranad_official,1,0.03114628791809082,1190,451,0.37899159663865545,1.0,0.5496648385131018,0.46419036681362236,0.5524874808349511,1.0,1.0,1,1,0.0,0.175657794834518
skab,other/11.csv,tranad_official,2,0.03529930114746094,1190,451,0.37899159663865545,1.0,0.5496648385131018,0.4829164020156742,0.5798541205980395,1.0,1.0,1,1,0.0,0.19840167813161202
skab,other/12.csv,tranad_official,0,0.04269051551818848,1048,309,0.2948473282442748,1.0,0.45541635961680177,0.8508340020239401,0.8484263261382696,1.0,1.0,1,1,0.0,0.18321806758963757
skab,other/12.csv,tranad_official,1,0.028784990310668945,1048,309,0.2948473282442748,1.0,0.45541635961680177,0.8412703780279343,0.8372812030602013,1.0,1.0,1,1,0.0,0.175657794834518
skab,other/12.csv,tranad_official,2,0.03494858741760254,1048,309,0.2948473282442748,1.0,0.45541635961680177,0.8417987527508778,0.8393000249615723,1.0,1.0,1,1,0.0,0.19840167813161202
skab,other/13.csv,tranad_official,0,0.021392822265625,923,265,0.28710725893824485,1.0,0.44612794612794615,0.2399728319890025,0.4187646957618856,1.0,1.0,1,1,0.0,0.18321806758963757
skab,other/13.csv,tranad_official,1,0.02306675910949707,923,265,0.28710725893824485,1.0,0.44612794612794615,0.2372696066130786,0.4085393129552102,1.0,1.0,1,1,0.0,0.175657794834518
skab,other/13.csv,tranad_official,2,0.020936965942382812,923,265,0.28710725893824485,1.0,0.44612794612794615,0.24094089451980738,0.4217181854676837,1.0,1.0,1,1,0.0,0.19840167813161202
skab,other/14.csv,tranad_official,0,0.016331195831298828,905,302,0.33370165745856356,1.0,0.5004142502071252,0.8003469410449673,0.9114252138864178,1.0,1.0,1,1,0.0,0.18321806758963757
skab,other/14.csv,tranad_official,1,0.017906665802001953,905,302,0.33370165745856356,1.0,0.5004142502071252,0.8124894735903234,0.9188220047664547,1.0,1.0,1,1,0.0,0.175657794834518
skab,other/14.csv,tranad_official,2,0.025317907333374023,905,302,0.33370165745856356,1.0,0.5004142502071252,0.8089909997469683,0.9193931007215578,1.0,1.0,1,1,0.0,0.19840167813161202
skab,other/2.csv,tranad_official,0,0.020417451858520508,780,384,0.49230769230769234,1.0,0.6597938144329897,0.9313816291766056,0.9251236321548821,1.0,1.0,1,1,0.0,0.18321806758963757
skab,other/2.csv,tranad_official,1,0.030500411987304688,780,384,0.49230769230769234,1.0,0.6597938144329897,0.9610384589641453,0.9546901304713805,1.0,1.0,1,1,0.0,0.175657794834518
skab,other/2.csv,tranad_official,2,0.018260955810546875,780,384,0.49230769230769234,1.0,0.6597938144329897,0.937962143427175,0.9322127525252526,1.0,1.0,1,1,0.0,0.19840167813161202
skab,other/3.csv,tranad_official,0,0.022332429885864258,1137,398,0.3500439753737907,1.0,0.5185667752442997,0.744170646503781,0.8471314624543558,1.0,1.0,1,1,0.0,0.18321806758963757
skab,other/3.csv,tranad_official,1,0.03011298179626465,1137,398,0.3500439753737907,1.0,0.5185667752442997,0.8425616802018235,0.9033496304254698,1.0,1.0,1,1,0.0,0.175657794834518
skab,other/3.csv,tranad_official,2,0.03370046615600586,1137,398,0.3500439753737907,1.0,0.5185667752442997,0.728358802403547,0.8310259008166679,1.0,1.0,1,1,0.0,0.19840167813161202
skab,other/4.csv,tranad_official,0,0.033618927001953125,1191,395,0.3316540722082284,1.0,0.49810844892812106,0.7976323337254725,0.8871064181667832,1.0,1.0,1,1,0.0,0.18321806758963757
skab,other/4.csv,tranad_official,1,0.035718679428100586,1191,395,0.3316540722082284,1.0,0.49810844892812106,0.8965699103378657,0.9347974047452453,1.0,1.0,1,1,0.0,0.175657794834518
skab,other/4.csv,tranad_official,2,0.035147905349731445,1191,395,0.3316540722082284,1.0,0.49810844892812106,0.8314866064146966,0.9065422046943579,1.0,1.0,1,1,0.0,0.19840167813161202
skab,other/5.csv,tranad_official,0,0.03601193428039551,1155,410,0.9403669724770642,1.0,0.9692671394799054,0.9998722414057061,0.9999312489769193,0.0348993288590604,1.0,1,1,0.0,0.18321806758963757
skab,other/5.csv,tranad_official,1,0.02465510368347168,1155,410,0.9403669724770642,1.0,0.9692671394799054,0.9998847013207431,0.9999377966934032,0.0348993288590604,1.0,1,1,0.0,0.175657794834518
skab,other/5.csv,tranad_official,2,0.021300315856933594,1155,410,0.9425287356321839,1.0,0.9704142011834319,0.9998909074896751,0.9999410705516452,0.03355704697986577,1.0,1,1,0.0,0.19840167813161202
skab,other/6.csv,tranad_official,0,0.02127671241760254,1147,402,0.9925742574257426,0.9975124378109452,0.9950372208436724,0.9998810449701158,0.9999332198070052,0.004026845637583893,1.0,1,1,1.0,0.18321806758963757
skab,other/6.csv,tranad_official,1,0.029194116592407227,1147,402,0.8930957683741648,0.9975124378109452,0.9424206815511164,0.9993970517071528,0.9995826237937827,0.06442953020134229,1.0,1,1,1.0,0.175657794834518
skab,other/6.csv,tranad_official,2,0.024189233779907227,1147,402,0.9950372208436724,0.9975124378109452,0.9962732919254659,0.9986318038021205,0.9984473605128719,0.0026845637583892616,1.0,1,1,1.0,0.19840167813161202
skab,other/7.csv,tranad_official,0,0.031118154525756836,1090,347,0.953168044077135,0.9971181556195965,0.9746478873239437,0.9980956727261459,0.9973780258396329,0.02288021534320323,1.0,1,1,1.0,0.18321806758963757
skab,other/7.csv,tranad_official,1,0.03013134002685547,1090,347,0.6865079365079365,0.9971181556195965,0.8131609870740305,0.9980985477764592,0.9973896618196345,0.2126514131897712,1.0,1,1,1.0,0.175657794834518
skab,other/7.csv,tranad_official,2,0.02492523193359375,1090,347,0.9637883008356546,0.9971181556195965,0.9801699716713881,0.9981480217370012,0.9975797161596611,0.017496635262449527,1.0,1,1,1.0,0.19840167813161202
skab,other/8.csv,tranad_official,0,0.021115779876708984,1147,403,0.06635071090047394,0.034739454094292806,0.04560260586319218,0.2526440211103219,0.2568004749326289,0.2647849462365591,1.0,1,1,1.0,0.18321806758963757
skab,other/8.csv,tranad_official,1,0.02605152130126953,1147,403,0.2892561983471074,0.34739454094292804,0.3156708004509583,0.30490931892076156,0.42061887990608077,0.46236559139784944,1.0,1,1,0.0,0.175657794834518
skab,other/8.csv,tranad_official,2,0.036698341369628906,1147,403,0.09615384615384616,0.03722084367245657,0.05366726296958855,0.29812406372777883,0.42170949064809626,0.18951612903225806,1.0,1,1,1.0,0.19840167813161202
skab,other/9.csv,tranad_official,0,0.02445197105407715,1144,401,0.3652094717668488,1.0,0.5350233488992662,0.9988299321763369,0.9991776950624784,0.9380888290713324,1.0,1,1,0.0,0.18321806758963757
skab,other/9.csv,tranad_official,1,0.022571086883544922,1144,401,0.3580357142857143,1.0,0.5272846811308349,0.9991501393519,0.999436133757128,0.9676985195154778,1.0,1,1,0.0,0.175657794834518
skab,other/9.csv,tranad_official,2,0.02297067642211914,1144,401,0.46845794392523366,1.0,0.6380270485282419,0.9991094091989241,0.9994159956770254,0.6123822341857336,1.0,1,1,0.0,0.19840167813161202
skab,valve1/0.csv,tranad_official,0,0.023575305938720703,1147,401,0.34960767218831734,1.0,0.5180878552971576,0.8089915968535122,0.8989389796286763,1.0,1.0,1,1,0.0,0.18321806758963757
skab,valve1/0.csv,tranad_official,1,0.02220940589904785,1147,401,0.34960767218831734,1.0,0.5180878552971576,0.8101066915964145,0.8999585486685432,1.0,1.0,1,1,0.0,0.175657794834518
skab,valve1/0.csv,tranad_official,2,0.024707555770874023,1147,401,0.34960767218831734,1.0,0.5180878552971576,0.8070240966548758,0.8963181857688219,1.0,1.0,1,1,0.0,0.19840167813161202
skab,valve1/1.csv,tranad_official,0,0.02924799919128418,1145,402,0.35109170305676857,1.0,0.519715578539108,0.5266761113600252,0.6736606335750588,1.0,1.0,1,1,0.0,0.18321806758963757
skab,valve1/1.csv,tranad_official,1,0.030926227569580078,1145,402,0.35109170305676857,1.0,0.519715578539108,0.5338003470777908,0.6821210234158949,1.0,1.0,1,1,0.0,0.175657794834518
skab,valve1/1.csv,tranad_official,2,0.03241276741027832,1145,402,0.35109170305676857,1.0,0.519715578539108,0.531662206037725,0.6802160128027427,1.0,1.0,1,1,0.0,0.19840167813161202
skab,valve1/10.csv,tranad_official,0,0.02623581886291504,1146,401,0.349912739965096,1.0,0.5184227537168714,0.9201012074395841,0.9455020167701551,1.0,1.0,1,1,0.0,0.18321806758963757
skab,valve1/10.csv,tranad_official,1,0.02981853485107422,1146,401,0.349912739965096,1.0,0.5184227537168714,0.9361971666729411,0.9583859144086094,1.0,1.0,1,1,0.0,0.175657794834518
skab,valve1/10.csv,tranad_official,2,0.027774810791015625,1146,401,0.349912739965096,1.0,0.5184227537168714,0.9184705980606059,0.9458032770422936,1.0,1.0,1,1,0.0,0.19840167813161202
skab,valve1/11.csv,tranad_official,0,0.02119159698486328,1141,399,0.3496932515337423,1.0,0.5181818181818182,0.8613163734211625,0.8645603226394827,1.0,1.0,1,1,0.0,0.18321806758963757
skab,valve1/11.csv,tranad_official,1,0.021539688110351562,1141,399,0.3496932515337423,1.0,0.5181818181818182,0.8382891940237589,0.8486715440893338,1.0,1.0,1,1,0.0,0.175657794834518
skab,valve1/11.csv,tranad_official,2,0.021579980850219727,1141,399,0.3496932515337423,1.0,0.5181818181818182,0.8486197975072347,0.8570449033635301,1.0,1.0,1,1,0.0,0.19840167813161202
skab,valve1/12.csv,tranad_official,0,0.020453929901123047,1140,399,0.35,1.0,0.5185185185185185,0.7927910383722571,0.9286914993286184,1.0,1.0,1,1,0.0,0.18321806758963757
skab,valve1/12.csv,tranad_official,1,0.02196955680847168,1140,399,0.35,1.0,0.5185185185185185,0.6934765070576885,0.9065714218068789,1.0,1.0,1,1,0.0,0.175657794834518
skab,valve1/12.csv,tranad_official,2,0.02042222023010254,1140,399,0.35,1.0,0.5185185185185185,0.7086957403359369,0.9103325114405447,1.0,1.0,1,1,0.0,0.19840167813161202
skab,valve1/13.csv,tranad_official,0,0.020031213760375977,1140,399,0.35,1.0,0.5185185185185185,0.8576356352130768,0.826621208892677,1.0,1.0,1,1,0.0,0.18321806758963757
skab,valve1/13.csv,tranad_official,1,0.021123170852661133,1140,399,0.35,1.0,0.5185185185185185,0.8460804557350081,0.8124697709185243,1.0,1.0,1,1,0.0,0.175657794834518
skab,valve1/13.csv,tranad_official,2,0.0229341983795166,1140,399,0.35,1.0,0.5185185185185185,0.8510150542278112,0.8182703722869928,1.0,1.0,1,1,0.0,0.19840167813161202
skab,valve1/14.csv,tranad_official,0,0.021404743194580078,1139,399,0.35030728709394204,1.0,0.5188556566970091,0.887069164375333,0.9062385693964642,1.0,1.0,1,1,0.0,0.18321806758963757
skab,valve1/14.csv,tranad_official,1,0.02185821533203125,1139,399,0.35030728709394204,1.0,0.5188556566970091,0.8247192659564727,0.8822664770033191,1.0,1.0,1,1,0.0,0.175657794834518
skab,valve1/14.csv,tranad_official,2,0.023526430130004883,1139,399,0.35030728709394204,1.0,0.5188556566970091,0.8481654635940662,0.8911501727291202,1.0,1.0,1,1,0.0,0.19840167813161202
skab,valve1/15.csv,tranad_official,0,0.019928932189941406,1150,404,0.35130434782608694,1.0,0.51994851994852,0.9704549092048139,0.9768733575770446,1.0,1.0,1,1,0.0,0.18321806758963757
skab,valve1/15.csv,tranad_official,1,0.02588200569152832,1150,404,0.35130434782608694,1.0,0.51994851994852,0.9703993561816838,0.9785257346109947,1.0,1.0,1,1,0.0,0.175657794834518
skab,valve1/15.csv,tranad_official,2,0.030484437942504883,1150,404,0.35130434782608694,1.0,0.51994851994852,0.9694522140058351,0.9774639662357656,1.0,1.0,1,1,0.0,0.19840167813161202
skab,valve1/2.csv,tranad_official,0,0.02605438232421875,1075,337,0.31348837209302327,1.0,0.4773371104815864,0.44504083886233414,0.7609185142296527,1.0,1.0,1,1,0.0,0.18321806758963757
skab,valve1/2.csv,tranad_official,1,0.023431062698364258,1075,337,0.31348837209302327,1.0,0.4773371104815864,0.44244776399045427,0.7593705017168867,1.0,1.0,1,1,0.0,0.175657794834518
skab,valve1/2.csv,tranad_official,2,0.027759552001953125,1075,337,0.31348837209302327,1.0,0.4773371104815864,0.44159358131421766,0.7581521957652811,1.0,1.0,1,1,0.0,0.19840167813161202
skab,valve1/3.csv,tranad_official,0,0.025921344757080078,1148,404,0.3519163763066202,1.0,0.520618556701031,0.46088842601430025,0.6838104173320558,1.0,1.0,1,1,0.0,0.18321806758963757
skab,valve1/3.csv,tranad_official,1,0.029487133026123047,1148,404,0.3519163763066202,1.0,0.520618556701031,0.4415094618388897,0.6705625199616736,1.0,1.0,1,1,0.0,0.175657794834518
skab,valve1/3.csv,tranad_official,2,0.022629976272583008,1148,404,0.3519163763066202,1.0,0.520618556701031,0.43940867832468655,0.6680207335249653,1.0,1.0,1,1,0.0,0.19840167813161202
skab,valve1/4.csv,tranad_official,0,0.02947211265563965,1095,349,0.3187214611872146,1.0,0.48337950138504154,0.3815613611367942,0.665340267481967,1.0,1.0,1,1,0.0,0.18321806758963757
skab,valve1/4.csv,tranad_official,1,0.032215118408203125,1095,349,0.3187214611872146,1.0,0.48337950138504154,0.369707494564133,0.6513785077240988,1.0,1.0,1,1,0.0,0.175657794834518
skab,valve1/4.csv,tranad_official,2,0.024697303771972656,1095,349,0.3187214611872146,1.0,0.48337950138504154,0.3698640649583281,0.6511365294944575,1.0,1.0,1,1,0.0,0.19840167813161202
skab,valve1/5.csv,tranad_official,0,0.033254384994506836,1154,403,0.3492201039861352,1.0,0.5176621708413616,0.8067341745400807,0.8200843870703414,1.0,1.0,1,1,0.0,0.18321806758963757
skab,valve1/5.csv,tranad_official,1,0.02887129783630371,1154,403,0.3492201039861352,1.0,0.5176621708413616,0.8033981548811865,0.8196052905472604,1.0,1.0,1,1,0.0,0.175657794834518
skab,valve1/5.csv,tranad_official,2,0.02477717399597168,1154,403,0.3492201039861352,1.0,0.5176621708413616,0.8023830813121482,0.8206361741003724,1.0,1.0,1,1,0.0,0.19840167813161202
skab,valve1/6.csv,tranad_official,0,0.028621196746826172,1154,405,0.3509532062391681,1.0,0.5195638229634381,0.5526506590718728,0.7740493497502844,1.0,1.0,1,1,0.0,0.18321806758963757
skab,valve1/6.csv,tranad_official,1,0.029691457748413086,1154,405,0.3509532062391681,1.0,0.5195638229634381,0.5363562849249432,0.7676605844830143,1.0,1.0,1,1,0.0,0.175657794834518
skab,valve1/6.csv,tranad_official,2,0.033417463302612305,1154,405,0.3509532062391681,1.0,0.5195638229634381,0.5447666486654343,0.7729285137384826,1.0,1.0,1,1,0.0,0.19840167813161202
skab,valve1/7.csv,tranad_official,0,0.030896902084350586,1094,405,0.3702010968921389,1.0,0.5403602401601068,0.8892851171651831,0.8947660771560142,1.0,1.0,1,1,0.0,0.18321806758963757
skab,valve1/7.csv,tranad_official,1,0.027510881423950195,1094,405,0.3702010968921389,1.0,0.5403602401601068,0.8891167124494032,0.8959379311580571,1.0,1.0,1,1,0.0,0.175657794834518
skab,valve1/7.csv,tranad_official,2,0.02707815170288086,1094,405,0.3702010968921389,1.0,0.5403602401601068,0.8872101112983548,0.8913078535720045,1.0,1.0,1,1,0.0,0.19840167813161202
skab,valve1/8.csv,tranad_official,0,0.031314849853515625,1144,400,0.34965034965034963,1.0,0.5181347150259067,0.8311341697110469,0.8887399193548386,1.0,1.0,1,1,0.0,0.18321806758963757
skab,valve1/8.csv,tranad_official,1,0.029679059982299805,1144,400,0.34965034965034963,1.0,0.5181347150259067,0.8380314847077276,0.8976075268817204,1.0,1.0,1,1,0.0,0.175657794834518
skab,valve1/8.csv,tranad_official,2,0.02693939208984375,1144,400,0.34965034965034963,1.0,0.5181347150259067,0.836972686390617,0.8946135752688172,1.0,1.0,1,1,0.0,0.19840167813161202
skab,valve1/9.csv,tranad_official,0,0.027408123016357422,1148,402,0.3501742160278746,1.0,0.5187096774193548,0.8322093383715701,0.8219325623891267,1.0,1.0,1,1,0.0,0.18321806758963757
skab,valve1/9.csv,tranad_official,1,0.03151226043701172,1148,402,0.3501742160278746,1.0,0.5187096774193548,0.7612836984656985,0.7956197564456537,1.0,1.0,1,1,0.0,0.175657794834518
skab,valve1/9.csv,tranad_official,2,0.026050329208374023,1148,402,0.3501742160278746,1.0,0.5187096774193548,0.7804331230354534,0.8022488095714457,1.0,1.0,1,1,0.0,0.19840167813161202
skab,valve2/0.csv,tranad_official,0,0.02799201011657715,1125,394,0.3502222222222222,1.0,0.5187623436471362,0.5874955989130972,0.568118216475588,1.0,1.0,1,1,0.0,0.18321806758963757
skab,valve2/0.csv,tranad_official,1,0.03510451316833496,1125,394,0.3502222222222222,1.0,0.5187623436471362,0.5751391245720583,0.5426194559986668,1.0,1.0,1,1,0.0,0.175657794834518
skab,valve2/0.csv,tranad_official,2,0.03207564353942871,1125,394,0.3502222222222222,1.0,0.5187623436471362,0.5763587730655901,0.5496330039511969,1.0,1.0,1,1,0.0,0.19840167813161202
skab,valve2/1.csv,tranad_official,0,0.027376413345336914,1063,333,0.31326434619002824,1.0,0.47707736389684813,0.6302611740512398,0.8273026451108643,1.0,1.0,1,1,0.0,0.18321806758963757
skab,valve2/1.csv,tranad_official,1,0.02810525894165039,1063,333,0.31326434619002824,1.0,0.47707736389684813,0.4892424906846612,0.7656752643054012,1.0,1.0,1,1,0.0,0.175657794834518
skab,valve2/1.csv,tranad_official,2,0.03000497817993164,1063,333,0.31326434619002824,1.0,0.47707736389684813,0.5286291624325786,0.7837344193508577,1.0,1.0,1,1,0.0,0.19840167813161202
skab,valve2/2.csv,tranad_official,0,0.03743433952331543,1129,395,0.34986713906111605,1.0,0.5183727034120735,0.5969737120467585,0.8191839409512641,1.0,1.0,1,1,0.0,0.18321806758963757
skab,valve2/2.csv,tranad_official,1,0.030118703842163086,1129,395,0.34986713906111605,1.0,0.5183727034120735,0.5575566682631874,0.8096195633428759,1.0,1.0,1,1,0.0,0.175657794834518
skab,valve2/2.csv,tranad_official,2,0.031193256378173828,1129,395,0.34986713906111605,1.0,0.5183727034120735,0.5701693947060301,0.8134894629738213,1.0,1.0,1,1,0.0,0.19840167813161202
skab,valve2/3.csv,tranad_official,0,0.024252653121948242,995,395,0.3969849246231156,1.0,0.5683453237410072,0.6163365327480448,0.711801687763713,1.0,1.0,1,1,0.0,0.18321806758963757
skab,valve2/3.csv,tranad_official,1,0.024483919143676758,995,395,0.3969849246231156,1.0,0.5683453237410072,0.46938391544117464,0.6106371308016878,1.0,1.0,1,1,0.0,0.175657794834518
skab,valve2/3.csv,tranad_official,2,0.020877838134765625,995,395,0.3969849246231156,1.0,0.5683453237410072,0.5185749734004792,0.6516666666666665,1.0,1.0,1,1,0.0,0.19840167813161202
