class,n,fm_top1,raw_top1,difference,fm_only_correct,raw_only_correct
0,15,0.0,0.0,0.0,0,0
1,12,0.16666666666666666,0.16666666666666666,0.0,0,0
2,12,0.9166666666666666,0.9166666666666666,0.0,0,0
3,12,0.4166666666666667,0.4166666666666667,0.0,0,0
4,12,0.4166666666666667,0.5,-0.08333333333333331,0,1
5,12,0.0,0.0,0.0,0,0
6,12,0.9166666666666666,1.0,-0.08333333333333337,0,1
7,12,0.08333333333333333,0.08333333333333333,0.0,1,1
8,12,0.08333333333333333,0.08333333333333333,0.0,0,0
9,12,0.0,0.0,0.0,0,0
10,12,0.3333333333333333,0.4166666666666667,-0.08333333333333337,0,1
11,12,0.5,0.16666666666666666,0.33333333333333337,4,0
12,12,0.4166666666666667,0.25,0.16666666666666669,3,1
13,12,0.16666666666666666,0.08333333333333333,0.08333333333333333,1,0
14,12,0.8333333333333334,0.4166666666666667,0.4166666666666667,5,0
15,12,0.08333333333333333,0.08333333333333333,0.0,0,0
16,12,0.3333333333333333,0.3333333333333333,0.0,1,1
17,12,0.3333333333333333,0.08333333333333333,0.25,3,0
18,12,0.16666666666666666,0.16666666666666666,0.0,0,0
19,12,0.8333333333333334,0.6666666666666666,0.16666666666666674,2,0
20,12,0.3333333333333333,0.16666666666666666,0.16666666666666666,2,0
21,12,0.8333333333333334,0.9166666666666666,-0.08333333333333326,0,1
