method,class,n,top1,top3,balanced_accuracy,macro_f1,explanation_precision,explanation_recall,explanation_f1,explanation_exact_match,normal_misexplanation,mean_explanations,mean_unexplained_fraction
aec_prototype_strict,0,15,0.0,0.0,0.0,0.0,0.0,0.0,0.0,0.4666666666666667,0.5333333333333333,0.6666666666666666,0.6633068783068783
aec_prototype_strict,1,12,0.0,0.0,0.0,0.0,0.0,0.0,0.0,0.0,,3.0,0.48908968529001084
aec_prototype_strict,2,12,0.0,0.0,0.0,0.0,0.0,0.0,0.0,0.0,,1.3333333333333333,0.8459328080179582
aec_prototype_strict,3,12,0.16666666666666666,0.16666666666666666,0.16666666666666666,0.012987012987012986,0.25,0.16666666666666666,0.2,0.16666666666666666,,0.6666666666666666,0.7643586252457221
aec_prototype_strict,4,12,0.9166666666666666,1.0,0.9166666666666666,0.043478260869565216,0.631578947368421,1.0,0.7741935483870968,0.6666666666666666,,1.5833333333333333,0.532547477032771
aec_prototype_strict,5,12,0.0,0.0,0.0,0.0,0.13333333333333333,0.16666666666666666,0.14814814814814814,0.0,,1.25,0.7491869918699187
aec_prototype_strict,6,12,0.0,0.0,0.0,0.0,0.0,0.0,0.0,0.0,,2.0833333333333335,0.8108491602459785
aec_prototype_strict,7,12,0.0,0.0,0.0,0.0,0.0,0.0,0.0,0.0,,2.4166666666666665,0.5688946809054374
aec_prototype_strict,8,12,0.0,0.0,0.0,0.0,0.0,0.0,0.0,0.0,,3.8333333333333335,0.4451525918375252
aec_prototype_strict,9,12,0.16666666666666666,0.16666666666666666,0.16666666666666666,0.012987012987012986,0.16666666666666666,0.16666666666666666,0.16666666666666666,0.0,,1.0,0.5611108742789778
aec_prototype_strict,10,12,0.0,0.08333333333333333,0.0,0.0,0.2,0.4166666666666667,0.2702702702702703,0.0,,2.0833333333333335,0.4920081553767299
aec_prototype_strict,11,12,0.0,0.0,0.0,0.0,0.041666666666666664,0.08333333333333333,0.05555555555555555,0.0,,2.0,0.6067062461314557
aec_prototype_strict,12,12,0.0,0.0,0.0,0.0,0.0,0.0,0.0,0.0,,4.5,0.3528651473770987
aec_prototype_strict,13,12,0.0,0.0,0.0,0.0,0.0,0.0,0.0,0.0,,4.416666666666667,0.3418162654000451
aec_prototype_strict,14,12,0.0,0.08333333333333333,0.0,0.0,0.08333333333333333,0.08333333333333333,0.08333333333333333,0.0,,1.0,0.47556863929146537
aec_prototype_strict,15,12,0.08333333333333333,0.16666666666666666,0.08333333333333333,0.006993006993006993,0.2,0.16666666666666666,0.1818181818181818,0.08333333333333333,,0.8333333333333334,0.7916170634920636
aec_prototype_strict,16,12,0.08333333333333333,1.0,0.08333333333333333,0.006993006993006993,0.32432432432432434,1.0,0.489795918367347,0.0,,3.0833333333333335,0.3213764370742748
aec_prototype_strict,17,12,0.0,0.08333333333333333,0.0,0.0,0.05405405405405406,0.16666666666666666,0.0816326530612245,0.0,,3.0833333333333335,0.3273358408166631
aec_prototype_strict,18,12,0.0,0.0,0.0,0.0,0.0,0.0,0.0,0.0,,1.8333333333333333,0.7587544340895046
aec_prototype_strict,19,12,0.08333333333333333,0.25,0.08333333333333333,0.006993006993006993,0.2727272727272727,0.25,0.2608695652173913,0.08333333333333333,,0.9166666666666666,0.6028846153846154
aec_prototype_strict,20,12,0.08333333333333333,0.16666666666666666,0.08333333333333333,0.006993006993006993,0.08333333333333333,0.16666666666666666,0.1111111111111111,0.08333333333333333,,2.0,0.5013251566265565
aec_prototype_strict,21,12,0.08333333333333333,0.08333333333333333,0.08333333333333333,0.006993006993006993,0.1,0.08333333333333333,0.0909090909090909,0.0,,0.8333333333333334,0.5987408424908425
aec_prototype_relaxed,0,15,0.0,0.0,0.0,0.0,0.0,0.0,0.0,0.2,0.8,1.3333333333333333,0.4977513227513228
aec_prototype_relaxed,1,12,0.0,0.0,0.0,0.0,0.0958904109589041,0.5833333333333334,0.16470588235294117,0.0,,6.083333333333333,0.24357949701619774
aec_prototype_relaxed,2,12,0.0,0.5833333333333334,0.0,0.0,0.24489795918367346,1.0,0.39344262295081966,0.0,,4.083333333333333,0.03525406964317208
aec_prototype_relaxed,3,12,0.5,0.5833333333333334,0.5,0.0303030303030303,0.2857142857142857,0.6666666666666666,0.4,0.25,,2.3333333333333335,0.40832951770451764
aec_prototype_relaxed,4,12,0.6666666666666666,1.0,0.6666666666666666,0.03636363636363637,0.375,1.0,0.5454545454545454,0.25,,2.6666666666666665,0.3283372469034234
aec_prototype_relaxed,5,12,0.0,0.0,0.0,0.0,0.02040816326530612,0.08333333333333333,0.032786885245901634,0.0,,4.083333333333333,0.3884118696618697
aec_prototype_relaxed,6,12,0.0,0.5833333333333334,0.0,0.0,0.2222222222222222,1.0,0.3636363636363636,0.0,,4.5,0.022849566378877532
aec_prototype_relaxed,7,12,0.0,0.0,0.0,0.0,0.013333333333333334,0.08333333333333333,0.022988505747126436,0.0,,6.25,0.21797206061911945
aec_prototype_relaxed,8,12,0.0,0.0,0.0,0.0,0.007142857142857143,0.08333333333333333,0.013157894736842105,0.0,,11.666666666666666,0.0
aec_prototype_relaxed,9,12,0.16666666666666666,0.16666666666666666,0.16666666666666666,0.012987012987012986,0.06666666666666667,0.16666666666666666,0.09523809523809522,0.0,,2.5,0.24803661775644534
aec_prototype_relaxed,10,12,0.0,0.08333333333333333,0.0,0.0,0.11940298507462686,0.6666666666666666,0.20253164556962025,0.0,,5.583333333333333,0.14598916939379772
aec_prototype_relaxed,11,12,0.08333333333333333,0.5833333333333334,0.08333333333333333,0.006993006993006993,0.23076923076923078,1.0,0.375,0.08333333333333333,,4.333333333333333,0.13220593227075828
aec_prototype_relaxed,12,12,0.0,0.0,0.0,0.0,0.05405405405405406,0.6666666666666666,0.1,0.0,,12.333333333333334,0.003491765686887638
aec_prototype_relaxed,13,12,0.0,0.0,0.0,0.0,0.04964539007092199,0.5833333333333334,0.09150326797385622,0.0,,11.75,0.011563571048435846
aec_prototype_relaxed,14,12,0.3333333333333333,0.8333333333333334,0.3333333333333333,0.022727272727272728,0.3333333333333333,0.9166666666666666,0.4888888888888888,0.16666666666666666,,2.75,0.06799242424242424
aec_prototype_relaxed,15,12,0.08333333333333333,0.08333333333333333,0.08333333333333333,0.006993006993006993,0.06451612903225806,0.16666666666666666,0.09302325581395349,0.08333333333333333,,2.5833333333333335,0.3912202380952381
aec_prototype_relaxed,16,12,0.0,0.9166666666666666,0.0,0.0,0.1791044776119403,1.0,0.30379746835443033,0.0,,5.583333333333333,0.10869949368474656
aec_prototype_relaxed,17,12,0.0,0.25,0.0,0.0,0.1411764705882353,1.0,0.24742268041237114,0.0,,7.083333333333333,0.0425084175084175
aec_prototype_relaxed,18,12,0.0,0.0,0.0,0.0,0.03225806451612903,0.16666666666666666,0.05405405405405405,0.0,,5.166666666666667,0.22374629930665169
aec_prototype_relaxed,19,12,0.25,0.75,0.25,0.018181818181818184,0.2553191489361702,1.0,0.4067796610169491,0.0,,3.9166666666666665,0.07191798941798942
aec_prototype_relaxed,20,12,0.08333333333333333,0.25,0.08333333333333333,0.006993006993006993,0.16923076923076924,0.9166666666666666,0.28571428571428575,0.08333333333333333,,5.416666666666667,0.06579722959033305
aec_prototype_relaxed,21,12,0.9166666666666666,0.9166666666666666,0.9166666666666666,0.043478260869565216,0.4074074074074074,0.9166666666666666,0.5641025641025641,0.08333333333333333,,2.25,0.3618873410540077
aec_adapted_interval,0,15,0.0,0.0,0.0,0.0,0.0,0.0,0.0,0.2,0.8,1.3333333333333333,0.4977513227513228
aec_adapted_interval,1,12,0.0,0.0,0.0,0.0,0.06493506493506493,0.4166666666666667,0.11235955056179775,0.0,,6.416666666666667,0.24357949701619774
aec_adapted_interval,2,12,0.0,0.5833333333333334,0.0,0.0,0.24489795918367346,1.0,0.39344262295081966,0.0,,4.083333333333333,0.03525406964317208
aec_adapted_interval,3,12,0.5,0.6666666666666666,0.5,0.0303030303030303,0.2857142857142857,0.6666666666666666,0.4,0.25,,2.3333333333333335,0.40832951770451764
aec_adapted_interval,4,12,0.75,1.0,0.75,0.03896103896103896,0.36363636363636365,1.0,0.5333333333333333,0.25,,2.75,0.3283372469034234
aec_adapted_interval,5,12,0.0,0.0,0.0,0.0,0.04,0.16666666666666666,0.06451612903225806,0.0,,4.166666666666667,0.3884118696618697
aec_adapted_interval,6,12,0.0,0.5833333333333334,0.0,0.0,0.21428571428571427,1.0,0.35294117647058826,0.0,,4.666666666666667,0.022849566378877532
aec_adapted_interval,7,12,0.0,0.0,0.0,0.0,0.01282051282051282,0.08333333333333333,0.022222222222222223,0.0,,6.5,0.21797206061911945
aec_adapted_interval,8,12,0.0,0.0,0.0,0.0,0.028169014084507043,0.3333333333333333,0.05194805194805195,0.0,,11.833333333333334,0.0
aec_adapted_interval,9,12,0.16666666666666666,0.16666666666666666,0.16666666666666666,0.012987012987012986,0.06666666666666667,0.16666666666666666,0.09523809523809522,0.0,,2.5,0.24803661775644534
aec_adapted_interval,10,12,0.0,0.08333333333333333,0.0,0.0,0.11428571428571428,0.6666666666666666,0.19512195121951217,0.0,,5.833333333333333,0.14598916939379772
aec_adapted_interval,11,12,0.08333333333333333,0.3333333333333333,0.08333333333333333,0.006993006993006993,0.2,0.8333333333333334,0.3225806451612903,0.08333333333333333,,4.166666666666667,0.13220593227075828
aec_adapted_interval,12,12,0.0,0.0,0.0,0.0,0.056962025316455694,0.75,0.10588235294117647,0.0,,13.166666666666666,0.003491765686887638
aec_adapted_interval,13,12,0.0,0.0,0.0,0.0,0.04697986577181208,0.5833333333333334,0.08695652173913043,0.0,,12.416666666666666,0.011563571048435846
aec_adapted_interval,14,12,0.08333333333333333,0.75,0.08333333333333333,0.006993006993006993,0.2777777777777778,0.8333333333333334,0.4166666666666667,0.0,,3.0,0.06799242424242424
aec_adapted_interval,15,12,0.08333333333333333,0.08333333333333333,0.08333333333333333,0.006993006993006993,0.06451612903225806,0.16666666666666666,0.09302325581395349,0.08333333333333333,,2.5833333333333335,0.3912202380952381
aec_adapted_interval,16,12,0.0,1.0,0.0,0.0,0.17647058823529413,1.0,0.3,0.0,,5.666666666666667,0.10869949368474656
aec_adapted_interval,17,12,0.0,0.08333333333333333,0.0,0.0,0.13636363636363635,1.0,0.24000000000000002,0.0,,7.333333333333333,0.0425084175084175
aec_adapted_interval,18,12,0.0,0.0,0.0,0.0,0.015625,0.08333333333333333,0.02631578947368421,0.0,,5.333333333333333,0.22374629930665169
aec_adapted_interval,19,12,0.08333333333333333,0.6666666666666666,0.08333333333333333,0.006993006993006993,0.24489795918367346,1.0,0.39344262295081966,0.0,,4.083333333333333,0.07191798941798942
aec_adapted_interval,20,12,0.08333333333333333,0.25,0.08333333333333333,0.006993006993006993,0.16923076923076924,0.9166666666666666,0.28571428571428575,0.08333333333333333,,5.416666666666667,0.06579722959033305
aec_adapted_interval,21,12,0.9166666666666666,0.9166666666666666,0.9166666666666666,0.043478260869565216,0.4074074074074074,0.9166666666666666,0.5641025641025641,0.08333333333333333,,2.25,0.3618873410540077
minexplain_interval,0,15,0.0,0.0,0.0,0.0,0.0,0.0,0.0,0.2,0.8,1.1333333333333333,0.4977513227513228
minexplain_interval,1,12,0.0,0.25,0.0,0.0,0.14285714285714285,0.5833333333333334,0.22950819672131142,0.0,,4.083333333333333,0.24357949701619774
minexplain_interval,2,12,0.5833333333333334,0.9166666666666666,0.5833333333333334,0.03349282296650718,0.35294117647058826,1.0,0.5217391304347826,0.25,,2.8333333333333335,0.03525406964317208
minexplain_interval,3,12,0.4166666666666667,0.5,0.4166666666666667,0.026737967914438502,0.2727272727272727,0.5,0.3529411764705882,0.25,,1.8333333333333333,0.40832951770451764
minexplain_interval,4,12,0.4166666666666667,0.8333333333333334,0.4166666666666667,0.026737967914438502,0.3793103448275862,0.9166666666666666,0.5365853658536586,0.25,,2.4166666666666665,0.3283372469034234
minexplain_interval,5,12,0.0,0.08333333333333333,0.0,0.0,0.08571428571428572,0.25,0.1276595744680851,0.0,,2.9166666666666665,0.3884118696618697
minexplain_interval,6,12,0.9166666666666666,1.0,0.9166666666666666,0.043478260869565216,0.3870967741935484,1.0,0.5581395348837209,0.25,,2.5833333333333335,0.022849566378877532
minexplain_interval,7,12,0.08333333333333333,0.16666666666666666,0.08333333333333333,0.006993006993006993,0.0851063829787234,0.3333333333333333,0.13559322033898305,0.0,,3.9166666666666665,0.21797206061911945
minexplain_interval,8,12,0.0,0.08333333333333333,0.0,0.0,0.07228915662650602,0.5,0.12631578947368421,0.0,,6.916666666666667,0.0
minexplain_interval,9,12,0.0,0.16666666666666666,0.0,0.0,0.07142857142857142,0.16666666666666666,0.1,0.0,,2.3333333333333335,0.24803661775644534
minexplain_interval,10,12,0.16666666666666666,0.4166666666666667,0.16666666666666666,0.012987012987012986,0.1276595744680851,0.5,0.20338983050847456,0.08333333333333333,,3.9166666666666665,0.14598916939379772
minexplain_interval,11,12,0.3333333333333333,0.75,0.3333333333333333,0.022727272727272728,0.275,0.9166666666666666,0.4230769230769231,0.16666666666666666,,3.3333333333333335,0.13220593227075828
minexplain_interval,12,12,0.08333333333333333,0.6666666666666666,0.08333333333333333,0.006993006993006993,0.16,1.0,0.2758620689655173,0.0,,6.25,0.003491765686887638
minexplain_interval,13,12,0.16666666666666666,0.3333333333333333,0.16666666666666666,0.012987012987012986,0.09195402298850575,0.6666666666666666,0.1616161616161616,0.0,,7.25,0.011563571048435846
minexplain_interval,14,12,0.16666666666666666,0.9166666666666666,0.16666666666666666,0.012987012987012986,0.34615384615384615,0.75,0.4736842105263157,0.08333333333333333,,2.1666666666666665,0.06799242424242424
minexplain_interval,15,12,0.08333333333333333,0.08333333333333333,0.08333333333333333,0.006993006993006993,0.08695652173913043,0.16666666666666666,0.11428571428571427,0.08333333333333333,,1.9166666666666667,0.3912202380952381
minexplain_interval,16,12,0.08333333333333333,0.5833333333333334,0.08333333333333333,0.006993006993006993,0.1702127659574468,0.6666666666666666,0.2711864406779661,0.08333333333333333,,3.9166666666666665,0.10869949368474656
minexplain_interval,17,12,0.08333333333333333,0.9166666666666666,0.08333333333333333,0.006993006993006993,0.22448979591836735,0.9166666666666666,0.36065573770491804,0.0,,4.083333333333333,0.0425084175084175
minexplain_interval,18,12,0.16666666666666666,0.25,0.16666666666666666,0.012987012987012986,0.075,0.25,0.11538461538461538,0.0,,3.3333333333333335,0.22374629930665169
minexplain_interval,19,12,0.5,1.0,0.5,0.0303030303030303,0.375,1.0,0.5454545454545454,0.0,,2.6666666666666665,0.07191798941798942
minexplain_interval,20,12,0.3333333333333333,0.8333333333333334,0.3333333333333333,0.022727272727272728,0.23404255319148937,0.9166666666666666,0.3728813559322034,0.08333333333333333,,3.9166666666666665,0.06579722959033305
minexplain_interval,21,12,0.8333333333333334,0.9166666666666666,0.8333333333333334,0.04132231404958678,0.44,0.9166666666666666,0.5945945945945945,0.08333333333333333,,2.0833333333333335,0.3618873410540077
aec_adapted_raw_temporal,0,15,0.0,0.0,0.0,0.0,0.0,0.0,0.0,0.2,0.8,1.4,0.4977513227513228
aec_adapted_raw_temporal,1,12,0.0,0.0,0.0,0.0,0.07894736842105263,0.5,0.13636363636363635,0.0,,6.333333333333333,0.24357949701619774
aec_adapted_raw_temporal,2,12,0.0,0.5833333333333334,0.0,0.0,0.24489795918367346,1.0,0.39344262295081966,0.0,,4.083333333333333,0.03525406964317208
aec_adapted_raw_temporal,3,12,0.5,0.6666666666666666,0.5,0.0303030303030303,0.2857142857142857,0.6666666666666666,0.4,0.25,,2.3333333333333335,0.40832951770451764
aec_adapted_raw_temporal,4,12,0.75,1.0,0.75,0.03896103896103896,0.36363636363636365,1.0,0.5333333333333333,0.25,,2.75,0.3283372469034234
aec_adapted_raw_temporal,5,12,0.0,0.0,0.0,0.0,0.0784313725490196,0.3333333333333333,0.12698412698412698,0.0,,4.25,0.3884118696618697
aec_adapted_raw_temporal,6,12,0.0,0.5833333333333334,0.0,0.0,0.21428571428571427,1.0,0.35294117647058826,0.0,,4.666666666666667,0.022849566378877532
aec_adapted_raw_temporal,7,12,0.0,0.0,0.0,0.0,0.025974025974025976,0.16666666666666666,0.0449438202247191,0.0,,6.416666666666667,0.21797206061911945
aec_adapted_raw_temporal,8,12,0.0,0.0,0.0,0.0,0.02097902097902098,0.25,0.03870967741935484,0.0,,11.916666666666666,0.0
aec_adapted_raw_temporal,9,12,0.16666666666666666,0.16666666666666666,0.16666666666666666,0.012987012987012986,0.06451612903225806,0.16666666666666666,0.09302325581395349,0.0,,2.5833333333333335,0.24803661775644534
aec_adapted_raw_temporal,10,12,0.0,0.08333333333333333,0.0,0.0,0.11428571428571428,0.6666666666666666,0.19512195121951217,0.0,,5.833333333333333,0.14598916939379772
aec_adapted_raw_temporal,11,12,0.08333333333333333,0.3333333333333333,0.08333333333333333,0.006993006993006993,0.18867924528301888,0.8333333333333334,0.3076923076923077,0.08333333333333333,,4.416666666666667,0.13220593227075828
aec_adapted_raw_temporal,12,12,0.0,0.0,0.0,0.0,0.05555555555555555,0.75,0.10344827586206895,0.0,,13.5,0.003491765686887638
aec_adapted_raw_temporal,13,12,0.0,0.0,0.0,0.0,0.0472972972972973,0.5833333333333334,0.08750000000000001,0.0,,12.333333333333334,0.011563571048435846
aec_adapted_raw_temporal,14,12,0.08333333333333333,0.75,0.08333333333333333,0.006993006993006993,0.2777777777777778,0.8333333333333334,0.4166666666666667,0.0,,3.0,0.06799242424242424
aec_adapted_raw_temporal,15,12,0.08333333333333333,0.08333333333333333,0.08333333333333333,0.006993006993006993,0.06451612903225806,0.16666666666666666,0.09302325581395349,0.08333333333333333,,2.5833333333333335,0.3912202380952381
aec_adapted_raw_temporal,16,12,0.0,1.0,0.0,0.0,0.17647058823529413,1.0,0.3,0.0,,5.666666666666667,0.10869949368474656
aec_adapted_raw_temporal,17,12,0.0,0.08333333333333333,0.0,0.0,0.13793103448275862,1.0,0.2424242424242424,0.0,,7.25,0.0425084175084175
aec_adapted_raw_temporal,18,12,0.0,0.0,0.0,0.0,0.015625,0.08333333333333333,0.02631578947368421,0.0,,5.333333333333333,0.22374629930665169
aec_adapted_raw_temporal,19,12,0.0,0.6666666666666666,0.0,0.0,0.24489795918367346,1.0,0.39344262295081966,0.0,,4.083333333333333,0.07191798941798942
aec_adapted_raw_temporal,20,12,0.08333333333333333,0.25,0.08333333333333333,0.006993006993006993,0.16923076923076924,0.9166666666666666,0.28571428571428575,0.08333333333333333,,5.416666666666667,0.06579722959033305
aec_adapted_raw_temporal,21,12,0.9166666666666666,0.9166666666666666,0.9166666666666666,0.043478260869565216,0.4074074074074074,0.9166666666666666,0.5641025641025641,0.08333333333333333,,2.25,0.3618873410540077
minexplain_raw_temporal,0,15,0.0,0.0,0.0,0.0,0.0,0.0,0.0,0.2,0.8,1.0666666666666667,0.4977513227513228
minexplain_raw_temporal,1,12,0.16666666666666666,0.3333333333333333,0.16666666666666666,0.012987012987012986,0.1891891891891892,0.5833333333333334,0.28571428571428575,0.0,,3.0833333333333335,0.24357949701619774
minexplain_raw_temporal,2,12,0.9166666666666666,1.0,0.9166666666666666,0.043478260869565216,0.48,1.0,0.6486486486486487,0.3333333333333333,,2.0833333333333335,0.03525406964317208
minexplain_raw_temporal,3,12,0.4166666666666667,0.5,0.4166666666666667,0.026737967914438502,0.25,0.4166666666666667,0.3125,0.25,,1.6666666666666667,0.40832951770451764
minexplain_raw_temporal,4,12,0.5,0.9166666666666666,0.5,0.0303030303030303,0.4074074074074074,0.9166666666666666,0.5641025641025641,0.25,,2.25,0.3283372469034234
minexplain_raw_temporal,5,12,0.0,0.16666666666666666,0.0,0.0,0.125,0.25,0.16666666666666666,0.0,,2.0,0.3884118696618697
minexplain_raw_temporal,6,12,1.0,1.0,1.0,0.045454545454545456,0.42857142857142855,1.0,0.6,0.25,,2.3333333333333335,0.022849566378877532
minexplain_raw_temporal,7,12,0.08333333333333333,0.16666666666666666,0.08333333333333333,0.006993006993006993,0.11764705882352941,0.3333333333333333,0.1739130434782609,0.0,,2.8333333333333335,0.21797206061911945
minexplain_raw_temporal,8,12,0.08333333333333333,0.3333333333333333,0.08333333333333333,0.006993006993006993,0.08771929824561403,0.4166666666666667,0.14492753623188404,0.0,,4.75,0.0
minexplain_raw_temporal,9,12,0.0,0.16666666666666666,0.0,0.0,0.045454545454545456,0.08333333333333333,0.05882352941176471,0.0,,1.8333333333333333,0.24803661775644534
minexplain_raw_temporal,10,12,0.4166666666666667,0.6666666666666666,0.4166666666666667,0.026737967914438502,0.2222222222222222,0.6666666666666666,0.3333333333333333,0.08333333333333333,,3.0,0.14598916939379772
minexplain_raw_temporal,11,12,0.16666666666666666,0.6666666666666666,0.16666666666666666,0.012987012987012986,0.2564102564102564,0.8333333333333334,0.392156862745098,0.16666666666666666,,3.25,0.13220593227075828
minexplain_raw_temporal,12,12,0.25,0.5,0.25,0.018181818181818184,0.16666666666666666,0.8333333333333334,0.2777777777777778,0.0,,5.0,0.003491765686887638
minexplain_raw_temporal,13,12,0.08333333333333333,0.4166666666666667,0.08333333333333333,0.006993006993006993,0.09836065573770492,0.5,0.1643835616438356,0.0,,5.083333333333333,0.011563571048435846
minexplain_raw_temporal,14,12,0.4166666666666667,1.0,0.4166666666666667,0.026737967914438502,0.38461538461538464,0.8333333333333334,0.5263157894736842,0.08333333333333333,,2.1666666666666665,0.06799242424242424
minexplain_raw_temporal,15,12,0.08333333333333333,0.08333333333333333,0.08333333333333333,0.006993006993006993,0.058823529411764705,0.08333333333333333,0.06896551724137931,0.08333333333333333,,1.4166666666666667,0.3912202380952381
minexplain_raw_temporal,16,12,0.3333333333333333,0.5833333333333334,0.3333333333333333,0.022727272727272728,0.18421052631578946,0.5833333333333334,0.27999999999999997,0.08333333333333333,,3.1666666666666665,0.10869949368474656
minexplain_raw_temporal,17,12,0.08333333333333333,0.6666666666666666,0.08333333333333333,0.006993006993006993,0.2727272727272727,1.0,0.42857142857142855,0.0,,3.6666666666666665,0.0425084175084175
minexplain_raw_temporal,18,12,0.16666666666666666,0.25,0.16666666666666666,0.012987012987012986,0.09090909090909091,0.25,0.13333333333333333,0.0,,2.75,0.22374629930665169
minexplain_raw_temporal,19,12,0.6666666666666666,1.0,0.6666666666666666,0.03636363636363637,0.4,1.0,0.5714285714285715,0.0,,2.5,0.07191798941798942
minexplain_raw_temporal,20,12,0.16666666666666666,0.6666666666666666,0.16666666666666666,0.012987012987012986,0.2682926829268293,0.9166666666666666,0.4150943396226415,0.08333333333333333,,3.4166666666666665,0.06579722959033305
minexplain_raw_temporal,21,12,0.9166666666666666,0.9166666666666666,0.9166666666666666,0.043478260869565216,0.4230769230769231,0.9166666666666666,0.5789473684210527,0.08333333333333333,,2.1666666666666665,0.3618873410540077
aec_adapted_frozen_chronos2,0,15,0.0,0.0,0.0,0.0,0.0,0.0,0.0,0.2,0.8,1.3333333333333333,0.4977513227513228
aec_adapted_frozen_chronos2,1,12,0.0,0.0,0.0,0.0,0.06578947368421052,0.4166666666666667,0.11363636363636363,0.0,,6.333333333333333,0.24357949701619774
aec_adapted_frozen_chronos2,2,12,0.0,0.5833333333333334,0.0,0.0,0.24489795918367346,1.0,0.39344262295081966,0.0,,4.083333333333333,0.03525406964317208
aec_adapted_frozen_chronos2,3,12,0.5,0.6666666666666666,0.5,0.0303030303030303,0.2857142857142857,0.6666666666666666,0.4,0.25,,2.3333333333333335,0.40832951770451764
aec_adapted_frozen_chronos2,4,12,0.75,1.0,0.75,0.03896103896103896,0.375,1.0,0.5454545454545454,0.25,,2.6666666666666665,0.3283372469034234
aec_adapted_frozen_chronos2,5,12,0.0,0.0,0.0,0.0,0.04,0.16666666666666666,0.06451612903225806,0.0,,4.166666666666667,0.3884118696618697
aec_adapted_frozen_chronos2,6,12,0.0,0.5833333333333334,0.0,0.0,0.21428571428571427,1.0,0.35294117647058826,0.0,,4.666666666666667,0.022849566378877532
aec_adapted_frozen_chronos2,7,12,0.0,0.0,0.0,0.0,0.012658227848101266,0.08333333333333333,0.021978021978021976,0.0,,6.583333333333333,0.21797206061911945
aec_adapted_frozen_chronos2,8,12,0.0,0.0,0.0,0.0,0.028169014084507043,0.3333333333333333,0.05194805194805195,0.0,,11.833333333333334,0.0
aec_adapted_frozen_chronos2,9,12,0.16666666666666666,0.16666666666666666,0.16666666666666666,0.012987012987012986,0.0625,0.16666666666666666,0.09090909090909091,0.0,,2.6666666666666665,0.24803661775644534
aec_adapted_frozen_chronos2,10,12,0.0,0.08333333333333333,0.0,0.0,0.11428571428571428,0.6666666666666666,0.19512195121951217,0.0,,5.833333333333333,0.14598916939379772
aec_adapted_frozen_chronos2,11,12,0.08333333333333333,0.4166666666666667,0.08333333333333333,0.006993006993006993,0.21568627450980393,0.9166666666666666,0.3492063492063492,0.08333333333333333,,4.25,0.13220593227075828
aec_adapted_frozen_chronos2,12,12,0.0,0.0,0.0,0.0,0.06329113924050633,0.8333333333333334,0.11764705882352942,0.0,,13.166666666666666,0.003491765686887638
aec_adapted_frozen_chronos2,13,12,0.0,0.0,0.0,0.0,0.053691275167785234,0.6666666666666666,0.09937888198757763,0.0,,12.416666666666666,0.011563571048435846
aec_adapted_frozen_chronos2,14,12,0.16666666666666666,0.75,0.16666666666666666,0.012987012987012986,0.3055555555555556,0.9166666666666666,0.4583333333333333,0.08333333333333333,,3.0,0.06799242424242424
aec_adapted_frozen_chronos2,15,12,0.08333333333333333,0.08333333333333333,0.08333333333333333,0.006993006993006993,0.06451612903225806,0.16666666666666666,0.09302325581395349,0.08333333333333333,,2.5833333333333335,0.3912202380952381
aec_adapted_frozen_chronos2,16,12,0.0,1.0,0.0,0.0,0.17391304347826086,1.0,0.29629629629629634,0.0,,5.75,0.10869949368474656
aec_adapted_frozen_chronos2,17,12,0.0,0.08333333333333333,0.0,0.0,0.13636363636363635,1.0,0.24000000000000002,0.0,,7.333333333333333,0.0425084175084175
aec_adapted_frozen_chronos2,18,12,0.0,0.0,0.0,0.0,0.03076923076923077,0.16666666666666666,0.05194805194805195,0.0,,5.416666666666667,0.22374629930665169
aec_adapted_frozen_chronos2,19,12,0.08333333333333333,0.6666666666666666,0.08333333333333333,0.006993006993006993,0.24489795918367346,1.0,0.39344262295081966,0.0,,4.083333333333333,0.07191798941798942
aec_adapted_frozen_chronos2,20,12,0.08333333333333333,0.25,0.08333333333333333,0.006993006993006993,0.16923076923076924,0.9166666666666666,0.28571428571428575,0.08333333333333333,,5.416666666666667,0.06579722959033305
aec_adapted_frozen_chronos2,21,12,0.9166666666666666,0.9166666666666666,0.9166666666666666,0.043478260869565216,0.4074074074074074,0.9166666666666666,0.5641025641025641,0.08333333333333333,,2.25,0.3618873410540077
minexplain_frozen_chronos2,0,15,0.0,0.0,0.0,0.0,0.0,0.0,0.0,0.2,0.8,1.1333333333333333,0.4977513227513228
minexplain_frozen_chronos2,1,12,0.16666666666666666,0.4166666666666667,0.16666666666666666,0.012987012987012986,0.14634146341463414,0.5,0.22641509433962262,0.0,,3.4166666666666665,0.24357949701619774
minexplain_frozen_chronos2,2,12,0.9166666666666666,1.0,0.9166666666666666,0.043478260869565216,0.42857142857142855,1.0,0.6,0.25,,2.3333333333333335,0.03525406964317208
minexplain_frozen_chronos2,3,12,0.4166666666666667,0.5,0.4166666666666667,0.026737967914438502,0.2727272727272727,0.5,0.3529411764705882,0.25,,1.8333333333333333,0.40832951770451764
minexplain_frozen_chronos2,4,12,0.4166666666666667,0.9166666666666666,0.4166666666666667,0.026737967914438502,0.4074074074074074,0.9166666666666666,0.5641025641025641,0.25,,2.25,0.3283372469034234
minexplain_frozen_chronos2,5,12,0.0,0.08333333333333333,0.0,0.0,0.08,0.16666666666666666,0.10810810810810811,0.0,,2.0833333333333335,0.3884118696618697
minexplain_frozen_chronos2,6,12,0.9166666666666666,1.0,0.9166666666666666,0.043478260869565216,0.4444444444444444,1.0,0.6153846153846153,0.25,,2.25,0.022849566378877532
minexplain_frozen_chronos2,7,12,0.08333333333333333,0.25,0.08333333333333333,0.006993006993006993,0.08571428571428572,0.25,0.1276595744680851,0.0,,2.9166666666666665,0.21797206061911945
minexplain_frozen_chronos2,8,12,0.08333333333333333,0.3333333333333333,0.08333333333333333,0.006993006993006993,0.14035087719298245,0.6666666666666666,0.2318840579710145,0.0,,4.75,0.0
minexplain_frozen_chronos2,9,12,0.0,0.08333333333333333,0.0,0.0,0.045454545454545456,0.08333333333333333,0.05882352941176471,0.0,,1.8333333333333333,0.24803661775644534
minexplain_frozen_chronos2,10,12,0.3333333333333333,0.5833333333333334,0.3333333333333333,0.022727272727272728,0.16666666666666666,0.5833333333333334,0.25925925925925924,0.0,,3.5,0.14598916939379772
minexplain_frozen_chronos2,11,12,0.5,0.8333333333333334,0.5,0.0303030303030303,0.3157894736842105,1.0,0.4799999999999999,0.16666666666666666,,3.1666666666666665,0.13220593227075828
minexplain_frozen_chronos2,12,12,0.4166666666666667,0.9166666666666666,0.4166666666666667,0.026737967914438502,0.21428571428571427,1.0,0.35294117647058826,0.0,,4.666666666666667,0.003491765686887638
minexplain_frozen_chronos2,13,12,0.16666666666666666,0.5,0.16666666666666666,0.012987012987012986,0.13114754098360656,0.6666666666666666,0.2191780821917808,0.0,,5.083333333333333,0.011563571048435846
minexplain_frozen_chronos2,14,12,0.8333333333333334,1.0,0.8333333333333334,0.04132231404958678,0.4,1.0,0.5714285714285715,0.08333333333333333,,2.5,0.06799242424242424
minexplain_frozen_chronos2,15,12,0.08333333333333333,0.08333333333333333,0.08333333333333333,0.006993006993006993,0.1,0.16666666666666666,0.125,0.08333333333333333,,1.6666666666666667,0.3912202380952381
minexplain_frozen_chronos2,16,12,0.3333333333333333,0.5,0.3333333333333333,0.022727272727272728,0.14285714285714285,0.5,0.22222222222222224,0.0,,3.5,0.10869949368474656
minexplain_frozen_chronos2,17,12,0.3333333333333333,0.8333333333333334,0.3333333333333333,0.022727272727272728,0.25,0.8333333333333334,0.3846153846153846,0.0,,3.3333333333333335,0.0425084175084175
minexplain_frozen_chronos2,18,12,0.16666666666666666,0.25,0.16666666666666666,0.012987012987012986,0.1,0.25,0.14285714285714288,0.0,,2.5,0.22374629930665169
minexplain_frozen_chronos2,19,12,0.8333333333333334,1.0,0.8333333333333334,0.04132231404958678,0.41379310344827586,1.0,0.5853658536585366,0.0,,2.4166666666666665,0.07191798941798942
minexplain_frozen_chronos2,20,12,0.3333333333333333,0.8333333333333334,0.3333333333333333,0.022727272727272728,0.2682926829268293,0.9166666666666666,0.4150943396226415,0.08333333333333333,,3.4166666666666665,0.06579722959033305
minexplain_frozen_chronos2,21,12,0.8333333333333334,0.9166666666666666,0.8333333333333334,0.04132231404958678,0.44,0.9166666666666666,0.5945945945945945,0.08333333333333333,,2.0833333333333335,0.3618873410540077
svm_statistics,0,15,0.06666666666666667,0.13333333333333333,0.06666666666666667,0.005681818181818182,0.0,0.0,0.0,0.06666666666666667,0.9333333333333333,0.9333333333333333,0.0
svm_statistics,1,12,0.5833333333333334,0.5833333333333334,0.5833333333333334,0.03349282296650718,0.7,0.5833333333333334,0.6363636363636365,0.5833333333333334,,0.8333333333333334,0.0
svm_statistics,2,12,1.0,1.0,1.0,0.045454545454545456,1.0,1.0,1.0,1.0,,1.0,0.0
svm_statistics,3,12,0.3333333333333333,0.6666666666666666,0.3333333333333333,0.022727272727272728,0.4,0.3333333333333333,0.3636363636363636,0.3333333333333333,,0.8333333333333334,0.0
svm_statistics,4,12,0.16666666666666666,0.4166666666666667,0.16666666666666666,0.012987012987012986,0.18181818181818182,0.16666666666666666,0.17391304347826086,0.16666666666666666,,0.9166666666666666,0.0
svm_statistics,5,12,0.08333333333333333,0.25,0.08333333333333333,0.006993006993006993,0.09090909090909091,0.08333333333333333,0.08695652173913043,0.08333333333333333,,0.9166666666666666,0.0
svm_statistics,6,12,0.5,1.0,0.5,0.0303030303030303,0.5,0.5,0.5,0.5,,1.0,0.0
svm_statistics,7,12,0.3333333333333333,0.4166666666666667,0.3333333333333333,0.022727272727272728,0.36363636363636365,0.3333333333333333,0.34782608695652173,0.3333333333333333,,0.9166666666666666,0.0
svm_statistics,8,12,0.25,0.5,0.25,0.018181818181818184,0.25,0.25,0.25,0.25,,1.0,0.0
svm_statistics,9,12,0.25,0.5833333333333334,0.25,0.018181818181818184,0.3,0.25,0.2727272727272727,0.25,,0.8333333333333334,0.0
svm_statistics,10,12,0.5,0.75,0.5,0.0303030303030303,0.5454545454545454,0.5,0.5217391304347826,0.5,,0.9166666666666666,0.0
svm_statistics,11,12,0.75,0.9166666666666666,0.75,0.03896103896103896,0.8181818181818182,0.75,0.7826086956521738,0.75,,0.9166666666666666,0.0
svm_statistics,12,12,0.75,0.8333333333333334,0.75,0.03896103896103896,0.75,0.75,0.75,0.75,,1.0,0.0
svm_statistics,13,12,0.16666666666666666,0.5,0.16666666666666666,0.012987012987012986,0.16666666666666666,0.16666666666666666,0.16666666666666666,0.16666666666666666,,1.0,0.0
svm_statistics,14,12,1.0,1.0,1.0,0.045454545454545456,1.0,1.0,1.0,1.0,,1.0,0.0
svm_statistics,15,12,0.08333333333333333,0.3333333333333333,0.08333333333333333,0.006993006993006993,0.09090909090909091,0.08333333333333333,0.08695652173913043,0.08333333333333333,,0.9166666666666666,0.0
svm_statistics,16,12,0.08333333333333333,0.5833333333333334,0.08333333333333333,0.006993006993006993,0.08333333333333333,0.08333333333333333,0.08333333333333333,0.08333333333333333,,1.0,0.0
svm_statistics,17,12,1.0,1.0,1.0,0.045454545454545456,1.0,1.0,1.0,1.0,,1.0,0.0
svm_statistics,18,12,0.9166666666666666,0.9166666666666666,0.9166666666666666,0.043478260869565216,0.9166666666666666,0.9166666666666666,0.9166666666666666,0.9166666666666666,,1.0,0.0
svm_statistics,19,12,1.0,1.0,1.0,0.045454545454545456,1.0,1.0,1.0,1.0,,1.0,0.0
svm_statistics,20,12,0.6666666666666666,0.9166666666666666,0.6666666666666666,0.03636363636363637,0.6666666666666666,0.6666666666666666,0.6666666666666666,0.6666666666666666,,1.0,0.0
svm_statistics,21,12,0.8333333333333334,1.0,0.8333333333333334,0.04132231404958678,0.8333333333333334,0.8333333333333334,0.8333333333333334,0.8333333333333334,,1.0,0.0
svm_window_pca,0,15,0.4666666666666667,0.6666666666666666,0.4666666666666667,0.028925619834710745,0.0,0.0,0.0,0.4666666666666667,0.5333333333333333,0.5333333333333333,0.0
svm_window_pca,1,12,1.0,1.0,1.0,0.045454545454545456,1.0,1.0,1.0,1.0,,1.0,0.0
svm_window_pca,2,12,1.0,1.0,1.0,0.045454545454545456,1.0,1.0,1.0,1.0,,1.0,0.0
svm_window_pca,3,12,0.0,0.08333333333333333,0.0,0.0,0.0,0.0,0.0,0.0,,0.75,0.0
svm_window_pca,4,12,0.08333333333333333,0.3333333333333333,0.08333333333333333,0.006993006993006993,0.125,0.08333333333333333,0.1,0.08333333333333333,,0.6666666666666666,0.0
svm_window_pca,5,12,0.0,0.08333333333333333,0.0,0.0,0.0,0.0,0.0,0.0,,0.75,0.0
svm_window_pca,6,12,0.5833333333333334,0.5833333333333334,0.5833333333333334,0.03349282296650718,0.5833333333333334,0.5833333333333334,0.5833333333333334,0.5833333333333334,,1.0,0.0
svm_window_pca,7,12,0.4166666666666667,0.6666666666666666,0.4166666666666667,0.026737967914438502,0.5,0.4166666666666667,0.45454545454545453,0.4166666666666667,,0.8333333333333334,0.0
svm_window_pca,8,12,0.08333333333333333,0.16666666666666666,0.08333333333333333,0.006993006993006993,0.08333333333333333,0.08333333333333333,0.08333333333333333,0.08333333333333333,,1.0,0.0
svm_window_pca,9,12,0.08333333333333333,0.16666666666666666,0.08333333333333333,0.006993006993006993,0.1,0.08333333333333333,0.0909090909090909,0.08333333333333333,,0.8333333333333334,0.0
svm_window_pca,10,12,0.0,0.08333333333333333,0.0,0.0,0.0,0.0,0.0,0.0,,0.6666666666666666,0.0
svm_window_pca,11,12,0.0,0.0,0.0,0.0,0.0,0.0,0.0,0.0,,0.8333333333333334,0.0
svm_window_pca,12,12,0.0,0.16666666666666666,0.0,0.0,0.0,0.0,0.0,0.0,,1.0,0.0
svm_window_pca,13,12,0.16666666666666666,0.3333333333333333,0.16666666666666666,0.012987012987012986,0.18181818181818182,0.16666666666666666,0.17391304347826086,0.16666666666666666,,0.9166666666666666,0.0
svm_window_pca,14,12,0.4166666666666667,0.5,0.4166666666666667,0.026737967914438502,0.5,0.4166666666666667,0.45454545454545453,0.4166666666666667,,0.8333333333333334,0.0
svm_window_pca,15,12,0.3333333333333333,0.75,0.3333333333333333,0.022727272727272728,0.5,0.3333333333333333,0.4,0.3333333333333333,,0.6666666666666666,0.0
svm_window_pca,16,12,0.0,0.16666666666666666,0.0,0.0,0.0,0.0,0.0,0.0,,0.9166666666666666,0.0
svm_window_pca,17,12,0.9166666666666666,0.9166666666666666,0.9166666666666666,0.043478260869565216,0.9166666666666666,0.9166666666666666,0.9166666666666666,0.9166666666666666,,1.0,0.0
svm_window_pca,18,12,0.16666666666666666,0.9166666666666666,0.16666666666666666,0.012987012987012986,0.16666666666666666,0.16666666666666666,0.16666666666666666,0.16666666666666666,,1.0,0.0
svm_window_pca,19,12,0.0,0.0,0.0,0.0,0.0,0.0,0.0,0.0,,0.8333333333333334,0.0
svm_window_pca,20,12,0.0,0.0,0.0,0.0,0.0,0.0,0.0,0.0,,0.5,0.0
svm_window_pca,21,12,0.08333333333333333,0.3333333333333333,0.08333333333333333,0.006993006993006993,0.125,0.08333333333333333,0.1,0.08333333333333333,,0.6666666666666666,0.0
