method,class,precision,recall,f1,support
aec_adapted_frozen_chronos2,0,0.0,0.0,0.0,15
aec_adapted_frozen_chronos2,1,0.0,0.0,0.0,12
aec_adapted_frozen_chronos2,2,0.0,0.0,0.0,12
aec_adapted_frozen_chronos2,3,0.07692307692307693,0.5,0.13333333333333333,12
aec_adapted_frozen_chronos2,4,0.19148936170212766,0.75,0.3050847457627119,12
aec_adapted_frozen_chronos2,5,0.0,0.0,0.0,12
aec_adapted_frozen_chronos2,6,0.0,0.0,0.0,12
aec_adapted_frozen_chronos2,7,0.0,0.0,0.0,12
aec_adapted_frozen_chronos2,8,0.0,0.0,0.0,12
aec_adapted_frozen_chronos2,9,0.023809523809523808,0.16666666666666666,0.041666666666666664,12
aec_adapted_frozen_chronos2,10,0.0,0.0,0.0,12
aec_adapted_frozen_chronos2,11,0.125,0.08333333333333333,0.1,12
aec_adapted_frozen_chronos2,12,0.0,0.0,0.0,12
aec_adapted_frozen_chronos2,13,0.0,0.0,0.0,12
aec_adapted_frozen_chronos2,14,1.0,0.16666666666666666,0.2857142857142857,12
aec_adapted_frozen_chronos2,15,0.07142857142857142,0.08333333333333333,0.07692307692307693,12
aec_adapted_frozen_chronos2,16,0.0,0.0,0.0,12
aec_adapted_frozen_chronos2,17,0.0,0.0,0.0,12
aec_adapted_frozen_chronos2,18,0.0,0.0,0.0,12
aec_adapted_frozen_chronos2,19,0.3333333333333333,0.08333333333333333,0.13333333333333333,12
aec_adapted_frozen_chronos2,20,1.0,0.08333333333333333,0.15384615384615385,12
aec_adapted_frozen_chronos2,21,0.6875,0.9166666666666666,0.7857142857142857,12
aec_adapted_interval,0,0.0,0.0,0.0,15
aec_adapted_interval,1,0.0,0.0,0.0,12
aec_adapted_interval,2,0.0,0.0,0.0,12
aec_adapted_interval,3,0.075,0.5,0.13043478260869565,12
aec_adapted_interval,4,0.1956521739130435,0.75,0.3103448275862069,12
aec_adapted_interval,5,0.0,0.0,0.0,12
aec_adapted_interval,6,0.0,0.0,0.0,12
aec_adapted_interval,7,0.0,0.0,0.0,12
aec_adapted_interval,8,0.0,0.0,0.0,12
aec_adapted_interval,9,0.023809523809523808,0.16666666666666666,0.041666666666666664,12
aec_adapted_interval,10,0.0,0.0,0.0,12
aec_adapted_interval,11,0.1,0.08333333333333333,0.09090909090909091,12
aec_adapted_interval,12,0.0,0.0,0.0,12
aec_adapted_interval,13,0.0,0.0,0.0,12
aec_adapted_interval,14,1.0,0.08333333333333333,0.15384615384615385,12
aec_adapted_interval,15,0.07692307692307693,0.08333333333333333,0.08,12
aec_adapted_interval,16,0.0,0.0,0.0,12
aec_adapted_interval,17,0.0,0.0,0.0,12
aec_adapted_interval,18,0.0,0.0,0.0,12
aec_adapted_interval,19,0.5,0.08333333333333333,0.14285714285714285,12
aec_adapted_interval,20,1.0,0.08333333333333333,0.15384615384615385,12
aec_adapted_interval,21,0.6875,0.9166666666666666,0.7857142857142857,12
aec_adapted_raw_temporal,0,0.0,0.0,0.0,15
aec_adapted_raw_temporal,1,0.0,0.0,0.0,12
aec_adapted_raw_temporal,2,0.0,0.0,0.0,12
aec_adapted_raw_temporal,3,0.0821917808219178,0.5,0.1411764705882353,12
aec_adapted_raw_temporal,4,0.19148936170212766,0.75,0.3050847457627119,12
aec_adapted_raw_temporal,5,0.0,0.0,0.0,12
aec_adapted_raw_temporal,6,0.0,0.0,0.0,12
aec_adapted_raw_temporal,7,0.0,0.0,0.0,12
aec_adapted_raw_temporal,8,0.0,0.0,0.0,12
aec_adapted_raw_temporal,9,0.02247191011235955,0.16666666666666666,0.039603960396039604,12
aec_adapted_raw_temporal,10,0.0,0.0,0.0,12
aec_adapted_raw_temporal,11,0.1111111111111111,0.08333333333333333,0.09523809523809523,12
aec_adapted_raw_temporal,12,0.0,0.0,0.0,12
aec_adapted_raw_temporal,13,0.0,0.0,0.0,12
aec_adapted_raw_temporal,14,1.0,0.08333333333333333,0.15384615384615385,12
aec_adapted_raw_temporal,15,0.07142857142857142,0.08333333333333333,0.07692307692307693,12
aec_adapted_raw_temporal,16,0.0,0.0,0.0,12
aec_adapted_raw_temporal,17,0.0,0.0,0.0,12
aec_adapted_raw_temporal,18,0.0,0.0,0.0,12
aec_adapted_raw_temporal,19,0.0,0.0,0.0,12
aec_adapted_raw_temporal,20,1.0,0.08333333333333333,0.15384615384615385,12
aec_adapted_raw_temporal,21,0.6875,0.9166666666666666,0.7857142857142857,12
aec_prototype_relaxed,0,0.0,0.0,0.0,15
aec_prototype_relaxed,1,0.0,0.0,0.0,12
aec_prototype_relaxed,2,0.0,0.0,0.0,12
aec_prototype_relaxed,3,0.07692307692307693,0.5,0.13333333333333333,12
aec_prototype_relaxed,4,0.17391304347826086,0.6666666666666666,0.27586206896551724,12
aec_prototype_relaxed,5,0.0,0.0,0.0,12
aec_prototype_relaxed,6,0.0,0.0,0.0,12
aec_prototype_relaxed,7,0.0,0.0,0.0,12
aec_prototype_relaxed,8,0.0,0.0,0.0,12
aec_prototype_relaxed,9,0.023255813953488372,0.16666666666666666,0.04081632653061224,12
aec_prototype_relaxed,10,0.0,0.0,0.0,12
aec_prototype_relaxed,11,0.2,0.08333333333333333,0.11764705882352941,12
aec_prototype_relaxed,12,0.0,0.0,0.0,12
aec_prototype_relaxed,13,0.0,0.0,0.0,12
aec_prototype_relaxed,14,1.0,0.3333333333333333,0.5,12
aec_prototype_relaxed,15,0.07692307692307693,0.08333333333333333,0.08,12
aec_prototype_relaxed,16,0.0,0.0,0.0,12
aec_prototype_relaxed,17,0.0,0.0,0.0,12
aec_prototype_relaxed,18,0.0,0.0,0.0,12
aec_prototype_relaxed,19,0.75,0.25,0.375,12
aec_prototype_relaxed,20,1.0,0.08333333333333333,0.15384615384615385,12
aec_prototype_relaxed,21,0.6875,0.9166666666666666,0.7857142857142857,12
aec_prototype_strict,0,0.0,0.0,0.0,15
aec_prototype_strict,1,0.0,0.0,0.0,12
aec_prototype_strict,2,0.0,0.0,0.0,12
aec_prototype_strict,3,0.11764705882352941,0.16666666666666666,0.13793103448275862,12
aec_prototype_strict,4,0.2037037037037037,0.9166666666666666,0.3333333333333333,12
aec_prototype_strict,5,0.0,0.0,0.0,12
aec_prototype_strict,6,0.0,0.0,0.0,12
aec_prototype_strict,7,0.0,0.0,0.0,12
aec_prototype_strict,8,0.0,0.0,0.0,12
aec_prototype_strict,9,0.02247191011235955,0.16666666666666666,0.039603960396039604,12
aec_prototype_strict,10,0.0,0.0,0.0,12
aec_prototype_strict,11,0.0,0.0,0.0,12
aec_prototype_strict,12,0.0,0.0,0.0,12
aec_prototype_strict,13,0.0,0.0,0.0,12
aec_prototype_strict,14,0.0,0.0,0.0,12
aec_prototype_strict,15,0.037037037037037035,0.08333333333333333,0.05128205128205128,12
aec_prototype_strict,16,0.2,0.08333333333333333,0.11764705882352941,12
aec_prototype_strict,17,0.0,0.0,0.0,12
aec_prototype_strict,18,0.0,0.0,0.0,12
aec_prototype_strict,19,1.0,0.08333333333333333,0.15384615384615385,12
aec_prototype_strict,20,1.0,0.08333333333333333,0.15384615384615385,12
aec_prototype_strict,21,0.125,0.08333333333333333,0.1,12
minexplain_frozen_chronos2,0,0.0,0.0,0.0,15
minexplain_frozen_chronos2,1,0.1111111111111111,0.16666666666666666,0.13333333333333333,12
minexplain_frozen_chronos2,2,1.0,0.9166666666666666,0.9565217391304348,12
minexplain_frozen_chronos2,3,0.17857142857142858,0.4166666666666667,0.25,12
minexplain_frozen_chronos2,4,1.0,0.4166666666666667,0.5882352941176471,12
minexplain_frozen_chronos2,5,0.0,0.0,0.0,12
minexplain_frozen_chronos2,6,0.5789473684210527,0.9166666666666666,0.7096774193548387,12
minexplain_frozen_chronos2,7,0.3333333333333333,0.08333333333333333,0.13333333333333333,12
minexplain_frozen_chronos2,8,0.3333333333333333,0.08333333333333333,0.13333333333333333,12
minexplain_frozen_chronos2,9,0.0,0.0,0.0,12
minexplain_frozen_chronos2,10,0.13333333333333333,0.3333333333333333,0.19047619047619047,12
minexplain_frozen_chronos2,11,0.42857142857142855,0.5,0.46153846153846156,12
minexplain_frozen_chronos2,12,0.7142857142857143,0.4166666666666667,0.5263157894736842,12
minexplain_frozen_chronos2,13,0.4,0.16666666666666666,0.23529411764705882,12
minexplain_frozen_chronos2,14,0.37037037037037035,0.8333333333333334,0.5128205128205128,12
minexplain_frozen_chronos2,15,0.047619047619047616,0.08333333333333333,0.06060606060606061,12
minexplain_frozen_chronos2,16,0.3333333333333333,0.3333333333333333,0.3333333333333333,12
minexplain_frozen_chronos2,17,1.0,0.3333333333333333,0.5,12
minexplain_frozen_chronos2,18,1.0,0.16666666666666666,0.2857142857142857,12
minexplain_frozen_chronos2,19,1.0,0.8333333333333334,0.9090909090909091,12
minexplain_frozen_chronos2,20,1.0,0.3333333333333333,0.5,12
minexplain_frozen_chronos2,21,1.0,0.8333333333333334,0.9090909090909091,12
minexplain_interval,0,0.0,0.0,0.0,15
minexplain_interval,1,0.0,0.0,0.0,12
minexplain_interval,2,0.7777777777777778,0.5833333333333334,0.6666666666666666,12
minexplain_interval,3,0.14285714285714285,0.4166666666666667,0.2127659574468085,12
minexplain_interval,4,0.7142857142857143,0.4166666666666667,0.5263157894736842,12
minexplain_interval,5,0.0,0.0,0.0,12
minexplain_interval,6,0.5789473684210527,0.9166666666666666,0.7096774193548387,12
minexplain_interval,7,0.25,0.08333333333333333,0.125,12
minexplain_interval,8,0.0,0.0,0.0,12
minexplain_interval,9,0.0,0.0,0.0,12
minexplain_interval,10,0.07142857142857142,0.16666666666666666,0.1,12
minexplain_interval,11,0.18181818181818182,0.3333333333333333,0.23529411764705882,12
minexplain_interval,12,0.3333333333333333,0.08333333333333333,0.13333333333333333,12
minexplain_interval,13,0.6666666666666666,0.16666666666666666,0.26666666666666666,12
minexplain_interval,14,0.06666666666666667,0.16666666666666666,0.09523809523809523,12
minexplain_interval,15,0.05,0.08333333333333333,0.0625,12
minexplain_interval,16,0.09090909090909091,0.08333333333333333,0.08695652173913043,12
minexplain_interval,17,0.2,0.08333333333333333,0.11764705882352941,12
minexplain_interval,18,1.0,0.16666666666666666,0.2857142857142857,12
minexplain_interval,19,1.0,0.5,0.6666666666666666,12
minexplain_interval,20,0.5714285714285714,0.3333333333333333,0.42105263157894735,12
minexplain_interval,21,1.0,0.8333333333333334,0.9090909090909091,12
minexplain_raw_temporal,0,0.0,0.0,0.0,15
minexplain_raw_temporal,1,0.2,0.16666666666666666,0.18181818181818182,12
minexplain_raw_temporal,2,0.9166666666666666,0.9166666666666666,0.9166666666666666,12
minexplain_raw_temporal,3,0.19230769230769232,0.4166666666666667,0.2631578947368421,12
minexplain_raw_temporal,4,1.0,0.5,0.6666666666666666,12
minexplain_raw_temporal,5,0.0,0.0,0.0,12
minexplain_raw_temporal,6,0.5714285714285714,1.0,0.7272727272727273,12
minexplain_raw_temporal,7,0.14285714285714285,0.08333333333333333,0.10526315789473684,12
minexplain_raw_temporal,8,0.5,0.08333333333333333,0.14285714285714285,12
minexplain_raw_temporal,9,0.0,0.0,0.0,12
minexplain_raw_temporal,10,0.13513513513513514,0.4166666666666667,0.20408163265306123,12
minexplain_raw_temporal,11,0.14285714285714285,0.16666666666666666,0.15384615384615385,12
minexplain_raw_temporal,12,0.6,0.25,0.35294117647058826,12
minexplain_raw_temporal,13,1.0,0.08333333333333333,0.15384615384615385,12
minexplain_raw_temporal,14,0.21739130434782608,0.4166666666666667,0.2857142857142857,12
minexplain_raw_temporal,15,0.045454545454545456,0.08333333333333333,0.058823529411764705,12
minexplain_raw_temporal,16,0.25,0.3333333333333333,0.2857142857142857,12
minexplain_raw_temporal,17,0.3333333333333333,0.08333333333333333,0.13333333333333333,12
minexplain_raw_temporal,18,1.0,0.16666666666666666,0.2857142857142857,12
minexplain_raw_temporal,19,0.8888888888888888,0.6666666666666666,0.7619047619047619,12
minexplain_raw_temporal,20,1.0,0.16666666666666666,0.2857142857142857,12
minexplain_raw_temporal,21,1.0,0.9166666666666666,0.9565217391304348,12
svm_statistics,0,0.07692307692307693,0.06666666666666667,0.07142857142857142,15
svm_statistics,1,1.0,0.5833333333333334,0.7368421052631579,12
svm_statistics,2,1.0,1.0,1.0,12
svm_statistics,3,0.15384615384615385,0.3333333333333333,0.21052631578947367,12
svm_statistics,4,0.3333333333333333,0.16666666666666666,0.2222222222222222,12
svm_statistics,5,0.1,0.08333333333333333,0.09090909090909091,12
svm_statistics,6,1.0,0.5,0.6666666666666666,12
svm_statistics,7,0.4444444444444444,0.3333333333333333,0.38095238095238093,12
svm_statistics,8,0.6,0.25,0.35294117647058826,12
svm_statistics,9,0.14285714285714285,0.25,0.18181818181818182,12
svm_statistics,10,0.1935483870967742,0.5,0.27906976744186046,12
svm_statistics,11,0.8181818181818182,0.75,0.782608695652174,12
svm_statistics,12,0.9,0.75,0.8181818181818182,12
svm_statistics,13,0.6666666666666666,0.16666666666666666,0.26666666666666666,12
svm_statistics,14,1.0,1.0,1.0,12
svm_statistics,15,0.0625,0.08333333333333333,0.07142857142857142,12
svm_statistics,16,0.25,0.08333333333333333,0.125,12
svm_statistics,17,1.0,1.0,1.0,12
svm_statistics,18,0.5238095238095238,0.9166666666666666,0.6666666666666666,12
svm_statistics,19,1.0,1.0,1.0,12
svm_statistics,20,1.0,0.6666666666666666,0.8,12
svm_statistics,21,0.8333333333333334,0.8333333333333334,0.8333333333333334,12
svm_window_pca,0,0.14893617021276595,0.4666666666666667,0.22580645161290322,15
svm_window_pca,1,1.0,1.0,1.0,12
svm_window_pca,2,1.0,1.0,1.0,12
svm_window_pca,3,0.0,0.0,0.0,12
svm_window_pca,4,0.1,0.08333333333333333,0.09090909090909091,12
svm_window_pca,5,0.0,0.0,0.0,12
svm_window_pca,6,1.0,0.5833333333333334,0.7368421052631579,12
svm_window_pca,7,0.7142857142857143,0.4166666666666667,0.5263157894736842,12
svm_window_pca,8,0.05263157894736842,0.08333333333333333,0.06451612903225806,12
svm_window_pca,9,0.1111111111111111,0.08333333333333333,0.09523809523809523,12
svm_window_pca,10,0.0,0.0,0.0,12
svm_window_pca,11,0.0,0.0,0.0,12
svm_window_pca,12,0.0,0.0,0.0,12
svm_window_pca,13,1.0,0.16666666666666666,0.2857142857142857,12
svm_window_pca,14,1.0,0.4166666666666667,0.5882352941176471,12
svm_window_pca,15,0.07017543859649122,0.3333333333333333,0.11594202898550725,12
svm_window_pca,16,0.0,0.0,0.0,12
svm_window_pca,17,1.0,0.9166666666666666,0.9565217391304348,12
svm_window_pca,18,1.0,0.16666666666666666,0.2857142857142857,12
svm_window_pca,19,0.0,0.0,0.0,12
svm_window_pca,20,0.0,0.0,0.0,12
svm_window_pca,21,0.03225806451612903,0.08333333333333333,0.046511627906976744,12
