method,level,n,top1,top3,balanced_accuracy,macro_f1,explanation_precision,explanation_recall,explanation_f1,explanation_exact_match,normal_misexplanation,mean_explanations,mean_unexplained_fraction
aec_prototype_strict,window,267,0.0749063670411985,0.14606741573033707,0.07575757575757575,0.04943135209136454,0.08785046728971962,0.1865079365079365,0.11944091486658195,0.0749063670411985,0.5333333333333333,2.0037453183520597,0.5738092285914254
aec_prototype_strict,trajectory,22,0.045454545454545456,0.22727272727272727,0.045454545454545456,0.01515151515151515,0.05714285714285714,0.09523809523809523,0.07142857142857142,0.09090909090909091,0.0,1.5909090909090908,0.5118257549406836
aec_prototype_relaxed,window,267,0.13857677902621723,0.3408239700374532,0.14015151515151514,0.11191905578242872,0.11927272727272727,0.6507936507936508,0.2015980331899201,0.056179775280898875,0.8,5.149812734082397,0.18615638069314444
aec_prototype_relaxed,trajectory,22,0.13636363636363635,0.3181818181818182,0.13636363636363635,0.07272727272727274,0.14563106796116504,0.7142857142857143,0.24193548387096772,0.09090909090909091,0.0,4.681818181818182,0.13235505564465372
aec_adapted_interval,window,267,0.12359550561797752,0.32209737827715357,0.12499999999999999,0.08589177745610893,0.114950634696756,0.6468253968253969,0.19520958083832335,0.04868913857677903,0.8,5.310861423220974,0.18615638069314444
aec_adapted_interval,trajectory,22,0.13636363636363635,0.22727272727272727,0.13636363636363635,0.07272727272727274,0.13725490196078433,0.6666666666666666,0.22764227642276424,0.09090909090909091,0.0,4.636363636363637,0.13235505564465372
minexplain_interval,window,267,0.24344569288389514,0.5243445692883895,0.2462121212121212,0.25548118724730096,0.1829134720700986,0.6626984126984127,0.2866952789699571,0.08614232209737828,0.8,3.4194756554307117,0.18615638069314444
minexplain_interval,trajectory,22,0.36363636363636365,0.5454545454545454,0.36363636363636365,0.30606060606060603,0.2857142857142857,0.7619047619047619,0.41558441558441556,0.13636363636363635,0.0,2.5454545454545454,0.13235505564465372
aec_adapted_raw_temporal,window,267,0.1198501872659176,0.32209737827715357,0.1212121212121212,0.0796105882870342,0.11649122807017544,0.6587301587301587,0.19797257006559332,0.04868913857677903,0.8,5.337078651685394,0.18615638069314444
aec_adapted_raw_temporal,trajectory,22,0.13636363636363635,0.22727272727272727,0.13636363636363635,0.07272727272727274,0.14563106796116504,0.7142857142857143,0.24193548387096772,0.09090909090909091,0.0,4.681818181818182,0.13235505564465372
minexplain_raw_temporal,window,267,0.31086142322097376,0.5393258426966292,0.31439393939393945,0.31462991188028905,0.21727395411605938,0.6388888888888888,0.324269889224572,0.0898876404494382,0.8,2.7752808988764044,0.18615638069314444
minexplain_raw_temporal,trajectory,22,0.4090909090909091,0.5454545454545454,0.4090909090909091,0.32575757575757575,0.3333333333333333,0.6666666666666666,0.4444444444444444,0.09090909090909091,0.0,1.9090909090909092,0.13235505564465372
aec_adapted_frozen_chronos2,window,267,0.12734082397003746,0.3258426966292135,0.12878787878787878,0.09161890369517488,0.11814345991561181,0.6666666666666666,0.20071684587813618,0.052434456928838954,0.8,5.325842696629214,0.18615638069314444
aec_adapted_frozen_chronos2,trajectory,22,0.13636363636363635,0.22727272727272727,0.13636363636363635,0.07272727272727274,0.13725490196078433,0.6666666666666666,0.22764227642276424,0.09090909090909091,0.0,4.636363636363637,0.13235505564465372
minexplain_frozen_chronos2,window,267,0.36704119850187267,0.5767790262172284,0.37121212121212116,0.3785779555633784,0.22119205298013245,0.6626984126984127,0.3316782522343595,0.07865168539325842,0.8,2.8277153558052435,0.18615638069314444
minexplain_frozen_chronos2,trajectory,22,0.5454545454545454,0.7727272727272727,0.5454545454545454,0.4848484848484848,0.3404255319148936,0.7619047619047619,0.4705882352941176,0.13636363636363635,0.0,2.1363636363636362,0.13235505564465372
svm_statistics,window,267,0.5093632958801498,0.6891385767790262,0.5143939393939394,0.5253301014041557,0.531496062992126,0.5357142857142857,0.5335968379446641,0.5093632958801498,0.9333333333333333,0.951310861423221,0.0
svm_statistics,trajectory,22,0.6363636363636364,0.8181818181818182,0.6363636363636364,0.5863636363636364,0.8571428571428571,0.5714285714285714,0.6857142857142857,0.5454545454545454,0.0,0.6363636363636364,0.0
svm_window_pca,window,267,0.26591760299625467,0.40823970037453183,0.2636363636363636,0.27355758741356034,0.2909090909090909,0.25396825396825395,0.27118644067796605,0.26591760299625467,0.5333333333333333,0.8239700374531835,0.0
svm_window_pca,trajectory,22,0.3181818181818182,0.45454545454545453,0.3181818181818182,0.29090909090909095,0.5714285714285714,0.19047619047619047,0.2857142857142857,0.22727272727272727,0.0,0.3181818181818182,0.0
