split,method,precision,recall,support_f1,f1_at_1,f1_at_3,n_extra_explained
external,fm_only,0.2003752805836139,0.22916666666666666,0.19253593628593632,0.1898148148148148,0.14930555555555555,1.7708333333333333
external,robust,0.07638888888888888,0.08333333333333333,0.07222222222222223,0.08333333333333333,0.1625,1.0208333333333333
external,stats_fm,0.20289351851851853,0.3020833333333333,0.22714947089947088,0.13194444444444445,0.30624999999999997,1.3472222222222223
external,stats_only,0.18235780423280423,0.34722222222222227,0.2277612433862434,0.11342592592592593,0.2701388888888889,1.7430555555555554
external,stats_raw_pca,0.23946759259259257,0.46527777777777785,0.3031084656084656,0.10416666666666667,0.3,1.9097222222222223
external,stats_shuffled_fm,0.203125,0.3645833333333333,0.2470568783068783,0.125,0.29305555555555557,1.7083333333333333
external,violation,0.26875,0.4166666666666667,0.3084325396825397,0.19444444444444442,0.3354166666666667,1.5
validation,fm_only,0.2986111111111111,0.2777777777777778,0.2761574074074074,0.3703703703703704,0.3958333333333333,0.28472222222222227
validation,robust,0.041666666666666664,0.03125,0.03472222222222222,0.3055555555555555,0.36041666666666666,0.0
validation,stats_fm,0.2476851851851852,0.2222222222222222,0.22361111111111112,0.2708333333333333,0.4131944444444444,0.5625
validation,stats_only,0.17939814814814814,0.20833333333333334,0.18171296296296294,0.1875,0.3993055555555556,1.0833333333333333
validation,stats_raw_pca,0.2488425925925926,0.2986111111111111,0.2569444444444444,0.2476851851851852,0.36180555555555555,1.1041666666666667
validation,stats_shuffled_fm,0.1863425925925926,0.2152777777777778,0.1875,0.20833333333333334,0.41944444444444445,1.0347222222222223
validation,violation,0.1909722222222222,0.25,0.20486111111111113,0.20833333333333334,0.2791666666666667,1.2083333333333333
