split,method,seed,normal_false_explanation,n_extra_explained
external,fm_only,11,0.6875,1.625
external,fm_only,23,0.3125,2.4375
external,fm_only,37,0.125,0.5625
external,robust,-1,1.0,1.25
external,stats_fm,11,1.0,1.3125
external,stats_fm,23,1.0,1.5625
external,stats_fm,37,1.0,1.375
external,stats_only,11,1.0,1.5
external,stats_only,23,1.0,1.875
external,stats_only,37,1.0,1.75
external,stats_raw_pca,11,1.0,2.0
external,stats_raw_pca,23,1.0,2.0
external,stats_raw_pca,37,1.0,1.9375
external,stats_shuffled_fm,11,1.0,1.75
external,stats_shuffled_fm,23,1.0,1.8125
external,stats_shuffled_fm,37,1.0,1.5
external,violation,-1,1.0,1.4375
validation,fm_only,11,0.4375,0.5625
validation,fm_only,23,0.375,0.5
validation,fm_only,37,0.125,0.125
validation,robust,-1,0.0,0.0
validation,stats_fm,11,0.5,0.5625
validation,stats_fm,23,0.75,1.0625
validation,stats_fm,37,0.0625,0.0625
validation,stats_only,11,1.0,1.125
validation,stats_only,23,1.0,1.125
validation,stats_only,37,1.0,1.25
validation,stats_raw_pca,11,1.0,1.25
validation,stats_raw_pca,23,1.0,1.3125
validation,stats_raw_pca,37,1.0,1.1875
validation,stats_shuffled_fm,11,0.9375,1.0
validation,stats_shuffled_fm,23,0.9375,1.0
validation,stats_shuffled_fm,37,0.875,1.125
validation,violation,-1,1.0,1.375
