method,point_f1,auprc,normal_fpr,event_recall
global/chronos2_plus_static,0.6237542293468138,0.4663748963366469,1.0,1.0
global/chronos2_small,0.0,0.5066407816522701,0.0,0.0
global/context_median,0.0,0.4415203616517305,0.06456419960994693,0.0
global/iforest,0.6237542293468138,0.4601092330856116,1.0,1.0
global/persistence,0.0,0.4758765757401941,0.0006915629322268327,0.0
global/seasonal_naive_32,0.0,0.4710131648606744,0.0,0.0
global/train_median,0.6237542293468138,0.4663748963366469,1.0,1.0
local/chronos2_plus_static,0.6230303027682705,0.654662925048164,0.3714622589251814,1.0
local/chronos2_small,0.12205894305339514,0.47571726549188104,0.0683187266674281,1.0
local/context_median,0.3379732562286278,0.5053784293776512,0.2494758596906255,1.0
local/iforest,0.1960995000932784,0.6719768746343723,0.04159577848235453,1.0
local/persistence,0.08999802432182626,0.46568597634900105,0.07101589914737684,0.8333333333333334
local/seasonal_naive_32,0.05784663544943466,0.461109529095469,0.08441464270242095,1.0
local/train_median,0.6225651279116273,0.6588352647139494,0.3535558769602208,1.0
