class,method,item,start,end,split,predicted_class,rank,selected,n_evidence,n_unexplained,window_top1
0,aec_prototype_strict,d00,0,0,test_trajectory,-1,"[-1, 15, 9, 3, 16, 0, 1, 2, 4, 5, 6, 7, 8, 10, 11, 12, 13, 14, 17, 18, 19, 20, 21]",[],180,116,0.0
1,aec_prototype_strict,d01,0,0,test_trajectory,9,"[9, 15, 4, -1, 0, 1, 2, 3, 5, 6, 7, 8, 10, 11, 12, 13, 14, 16, 17, 18, 19, 20, 21]","[9, 10, 15, 16]",680,290,0.0
2,aec_prototype_strict,d02,0,0,test_trajectory,4,"[4, -1, 0, 1, 2, 3, 5, 6, 7, 8, 9, 10, 11, 12, 13, 14, 15, 16, 17, 18, 19, 20, 21]",[4],564,451,0.0
3,aec_prototype_strict,d03,0,0,test_trajectory,-1,"[-1, 9, 3, 15, 0, 1, 2, 4, 5, 6, 7, 8, 10, 11, 12, 13, 14, 16, 17, 18, 19, 20, 21]",[],211,140,0.16666666666666666
4,aec_prototype_strict,d04,0,0,test_trajectory,4,"[4, 3, -1, 0, 1, 2, 5, 6, 7, 8, 9, 10, 11, 12, 13, 14, 15, 16, 17, 18, 19, 20, 21]",[4],193,94,0.9166666666666666
5,aec_prototype_strict,d05,0,0,test_trajectory,-1,"[-1, 9, 0, 1, 2, 3, 4, 5, 6, 7, 8, 10, 11, 12, 13, 14, 15, 16, 17, 18, 19, 20, 21]",[],426,204,0.0
6,aec_prototype_strict,d06,0,0,test_trajectory,4,"[4, 9, -1, 0, 1, 2, 3, 5, 6, 7, 8, 10, 11, 12, 13, 14, 15, 16, 17, 18, 19, 20, 21]","[4, 21]",1035,827,0.0
7,aec_prototype_strict,d07,0,0,test_trajectory,9,"[9, -1, 4, 16, 0, 1, 2, 3, 5, 6, 7, 8, 10, 11, 12, 13, 14, 15, 17, 18, 19, 20, 21]","[9, 10, 16]",586,231,0.0
8,aec_prototype_strict,d08,0,0,test_trajectory,9,"[9, 3, -1, 4, 0, 1, 2, 5, 6, 7, 8, 10, 11, 12, 13, 14, 15, 16, 17, 18, 19, 20, 21]","[9, 10, 16]",1107,479,0.0
9,aec_prototype_strict,d09,0,0,test_trajectory,15,"[15, -1, 9, 3, 0, 1, 2, 4, 5, 6, 7, 8, 10, 11, 12, 13, 14, 16, 17, 18, 19, 20, 21]",[15],226,124,0.16666666666666666
10,aec_prototype_strict,d10,0,0,test_trajectory,9,"[9, -1, 3, 15, 16, 0, 1, 2, 4, 5, 6, 7, 8, 10, 11, 12, 13, 14, 17, 18, 19, 20, 21]","[9, 16]",466,194,0.0
11,aec_prototype_strict,d11,0,0,test_trajectory,4,"[4, 9, -1, 3, 15, 0, 1, 2, 5, 6, 7, 8, 10, 11, 12, 13, 14, 16, 17, 18, 19, 20, 21]","[4, 9]",275,143,0.0
12,aec_prototype_strict,d12,0,0,test_trajectory,9,"[9, 4, 16, -1, 0, 1, 2, 3, 5, 6, 7, 8, 10, 11, 12, 13, 14, 15, 17, 18, 19, 20, 21]","[9, 10, 16]",1130,378,0.0
13,aec_prototype_strict,d13,0,0,test_trajectory,9,"[9, 4, -1, 0, 1, 2, 3, 5, 6, 7, 8, 10, 11, 12, 13, 14, 15, 16, 17, 18, 19, 20, 21]","[9, 10, 16]",1244,417,0.0
14,aec_prototype_strict,d14,0,0,test_trajectory,11,"[11, -1, 9, 3, 0, 1, 2, 4, 5, 6, 7, 8, 10, 12, 13, 14, 15, 16, 17, 18, 19, 20, 21]",[11],143,59,0.0
15,aec_prototype_strict,d15,0,0,test_trajectory,-1,"[-1, 9, 3, 15, 0, 1, 2, 4, 5, 6, 7, 8, 10, 11, 12, 13, 14, 16, 17, 18, 19, 20, 21]",[],223,127,0.08333333333333333
16,aec_prototype_strict,d16,0,0,test_trajectory,9,"[9, 3, 16, -1, 0, 1, 2, 4, 5, 6, 7, 8, 10, 11, 12, 13, 14, 15, 17, 18, 19, 20, 21]","[9, 16]",408,128,0.08333333333333333
17,aec_prototype_strict,d17,0,0,test_trajectory,4,"[4, 9, -1, 0, 1, 2, 3, 5, 6, 7, 8, 10, 11, 12, 13, 14, 15, 16, 17, 18, 19, 20, 21]","[4, 9, 11]",376,127,0.0
18,aec_prototype_strict,d18,0,0,test_trajectory,21,"[21, -1, 3, 4, 9, 0, 1, 2, 5, 6, 7, 8, 10, 11, 12, 13, 14, 15, 16, 17, 18, 19, 20]",[21],1060,728,0.0
19,aec_prototype_strict,d19,0,0,test_trajectory,-1,"[-1, 9, 3, 11, 19, 0, 1, 2, 4, 5, 6, 7, 8, 10, 12, 13, 14, 15, 16, 17, 18, 20, 21]",[],183,112,0.08333333333333333
20,aec_prototype_strict,d20,0,0,test_trajectory,9,"[9, -1, 3, 15, 20, 0, 1, 2, 4, 5, 6, 7, 8, 10, 11, 12, 13, 14, 16, 17, 18, 19, 21]","[9, 16]",414,173,0.08333333333333333
21,aec_prototype_strict,d21,0,0,test_trajectory,15,"[15, -1, 21, 0, 1, 2, 3, 4, 5, 6, 7, 8, 9, 10, 11, 12, 13, 14, 16, 17, 18, 19, 20]",[15],205,129,0.08333333333333333
0,aec_prototype_relaxed,d00,0,0,test_trajectory,3,"[3, 15, -1, 9, 0, 1, 2, 4, 5, 6, 7, 8, 10, 11, 12, 13, 14, 16, 17, 18, 19, 20, 21]",[],180,82,0.0
1,aec_prototype_relaxed,d01,0,0,test_trajectory,9,"[9, 15, 3, 4, -1, 0, 1, 2, 5, 6, 7, 8, 10, 11, 12, 13, 14, 16, 17, 18, 19, 20, 21]","[1, 3, 9, 10, 15, 16]",680,75,0.0
2,aec_prototype_relaxed,d02,0,0,test_trajectory,4,"[4, 3, 9, -1, 0, 1, 2, 5, 6, 7, 8, 10, 11, 12, 13, 14, 15, 16, 17, 18, 19, 20, 21]","[2, 3, 4]",564,19,0.0
3,aec_prototype_relaxed,d03,0,0,test_trajectory,3,"[3, 9, -1, 15, 0, 1, 2, 4, 5, 6, 7, 8, 10, 11, 12, 13, 14, 16, 17, 18, 19, 20, 21]",[3],211,62,0.5
4,aec_prototype_relaxed,d04,0,0,test_trajectory,4,"[4, 3, -1, 0, 1, 2, 5, 6, 7, 8, 9, 10, 11, 12, 13, 14, 15, 16, 17, 18, 19, 20, 21]","[3, 4]",193,56,0.6666666666666666
5,aec_prototype_relaxed,d05,0,0,test_trajectory,3,"[3, 9, -1, 19, 0, 1, 2, 4, 5, 6, 7, 8, 10, 11, 12, 13, 14, 15, 16, 17, 18, 20, 21]",[3],426,67,0.0
6,aec_prototype_relaxed,d06,0,0,test_trajectory,4,"[4, 3, 9, -1, 0, 1, 2, 5, 6, 7, 8, 10, 11, 12, 13, 14, 15, 16, 17, 18, 19, 20, 21]","[4, 6, 21]",1035,23,0.0
7,aec_prototype_relaxed,d07,0,0,test_trajectory,9,"[9, 3, -1, 4, 16, 0, 1, 2, 5, 6, 7, 8, 10, 11, 12, 13, 14, 15, 17, 18, 19, 20, 21]","[3, 9, 10, 16, 20]",586,24,0.0
8,aec_prototype_relaxed,d08,0,0,test_trajectory,9,"[9, 3, 4, -1, 0, 1, 2, 5, 6, 7, 8, 10, 11, 12, 13, 14, 15, 16, 17, 18, 19, 20, 21]","[1, 3, 5, 9, 10, 11, 12, 13, 14, 16, 17, 19, 20]",1107,0,0.0
9,aec_prototype_relaxed,d09,0,0,test_trajectory,3,"[3, 15, 9, 11, -1, 0, 1, 2, 4, 5, 6, 7, 8, 10, 12, 13, 14, 16, 17, 18, 19, 20, 21]","[3, 15]",226,50,0.16666666666666666
10,aec_prototype_relaxed,d10,0,0,test_trajectory,9,"[9, 3, 16, -1, 0, 1, 2, 4, 5, 6, 7, 8, 10, 11, 12, 13, 14, 15, 17, 18, 19, 20, 21]","[3, 9, 10, 11, 14, 16]",466,21,0.0
11,aec_prototype_relaxed,d11,0,0,test_trajectory,3,"[3, 4, 9, 11, -1, 0, 1, 2, 5, 6, 7, 8, 10, 12, 13, 14, 15, 16, 17, 18, 19, 20, 21]","[3, 4, 9, 11, 14]",275,38,0.08333333333333333
12,aec_prototype_relaxed,d12,0,0,test_trajectory,9,"[9, 4, -1, 0, 1, 2, 3, 5, 6, 7, 8, 10, 11, 12, 13, 14, 15, 16, 17, 18, 19, 20, 21]","[3, 9, 10, 11, 12, 13, 14, 16, 17, 19, 20]",1130,4,0.0
13,aec_prototype_relaxed,d13,0,0,test_trajectory,9,"[9, 4, -1, 0, 1, 2, 3, 5, 6, 7, 8, 10, 11, 12, 13, 14, 15, 16, 17, 18, 19, 20, 21]","[1, 2, 3, 9, 10, 11, 12, 13, 14, 16, 17, 19, 20]",1244,12,0.0
14,aec_prototype_relaxed,d14,0,0,test_trajectory,3,"[3, 14, 9, -1, 0, 1, 2, 4, 5, 6, 7, 8, 10, 11, 12, 13, 15, 16, 17, 18, 19, 20, 21]","[3, 11, 14]",143,10,0.3333333333333333
15,aec_prototype_relaxed,d15,0,0,test_trajectory,3,"[3, -1, 9, 11, 15, 0, 1, 2, 4, 5, 6, 7, 8, 10, 12, 13, 14, 16, 17, 18, 19, 20, 21]",[3],223,40,0.08333333333333333
16,aec_prototype_relaxed,d16,0,0,test_trajectory,9,"[9, 3, 11, -1, 0, 1, 2, 4, 5, 6, 7, 8, 10, 12, 13, 14, 15, 16, 17, 18, 19, 20, 21]","[3, 9, 10, 14, 16]",408,25,0.0
17,aec_prototype_relaxed,d17,0,0,test_trajectory,4,"[4, 9, 3, -1, 0, 1, 2, 5, 6, 7, 8, 10, 11, 12, 13, 14, 15, 16, 17, 18, 19, 20, 21]","[3, 4, 9, 10, 11, 14, 16, 17]",376,19,0.0
18,aec_prototype_relaxed,d18,0,0,test_trajectory,3,"[3, 21, 4, 9, -1, 0, 1, 2, 5, 6, 7, 8, 10, 11, 12, 13, 14, 15, 16, 17, 18, 19, 20]","[3, 6, 21]",1060,192,0.0
19,aec_prototype_relaxed,d19,0,0,test_trajectory,3,"[3, 9, 19, 11, -1, 0, 1, 2, 4, 5, 6, 7, 8, 10, 12, 13, 14, 15, 16, 17, 18, 20, 21]","[3, 11, 14, 19]",183,16,0.25
20,aec_prototype_relaxed,d20,0,0,test_trajectory,9,"[9, 3, 20, -1, 0, 1, 2, 4, 5, 6, 7, 8, 10, 11, 12, 13, 14, 15, 16, 17, 18, 19, 21]","[3, 9, 10, 14, 16, 20]",414,21,0.08333333333333333
21,aec_prototype_relaxed,d21,0,0,test_trajectory,21,"[21, 15, -1, 0, 1, 2, 3, 4, 5, 6, 7, 8, 9, 10, 11, 12, 13, 14, 16, 17, 18, 19, 20]","[15, 21]",205,84,0.9166666666666666
0,aec_adapted_interval,d00,0,0,test_trajectory,3,"[3, 15, -1, 9, 0, 1, 2, 4, 5, 6, 7, 8, 10, 11, 12, 13, 14, 16, 17, 18, 19, 20, 21]",[],180,82,0.0
1,aec_adapted_interval,d01,0,0,test_trajectory,9,"[9, 3, 15, 4, -1, 0, 1, 2, 5, 6, 7, 8, 10, 11, 12, 13, 14, 16, 17, 18, 19, 20, 21]","[3, 9, 10, 15, 16]",680,75,0.0
2,aec_adapted_interval,d02,0,0,test_trajectory,4,"[4, 3, 9, -1, 0, 1, 2, 5, 6, 7, 8, 10, 11, 12, 13, 14, 15, 16, 17, 18, 19, 20, 21]","[2, 3, 4]",564,19,0.0
3,aec_adapted_interval,d03,0,0,test_trajectory,3,"[3, 9, -1, 15, 0, 1, 2, 4, 5, 6, 7, 8, 10, 11, 12, 13, 14, 16, 17, 18, 19, 20, 21]",[3],211,62,0.5
4,aec_adapted_interval,d04,0,0,test_trajectory,4,"[4, 3, -1, 0, 1, 2, 5, 6, 7, 8, 9, 10, 11, 12, 13, 14, 15, 16, 17, 18, 19, 20, 21]","[3, 4]",193,56,0.75
5,aec_adapted_interval,d05,0,0,test_trajectory,3,"[3, 9, -1, 19, 0, 1, 2, 4, 5, 6, 7, 8, 10, 11, 12, 13, 14, 15, 16, 17, 18, 20, 21]",[3],426,67,0.0
6,aec_adapted_interval,d06,0,0,test_trajectory,4,"[4, 3, 9, -1, 0, 1, 2, 5, 6, 7, 8, 10, 11, 12, 13, 14, 15, 16, 17, 18, 19, 20, 21]","[4, 6, 21]",1035,23,0.0
7,aec_adapted_interval,d07,0,0,test_trajectory,9,"[9, 3, -1, 4, 16, 0, 1, 2, 5, 6, 7, 8, 10, 11, 12, 13, 14, 15, 17, 18, 19, 20, 21]","[3, 5, 9, 10, 16, 20]",586,24,0.0
8,aec_adapted_interval,d08,0,0,test_trajectory,9,"[9, 3, 4, -1, 0, 1, 2, 5, 6, 7, 8, 10, 11, 12, 13, 14, 15, 16, 17, 18, 19, 20, 21]","[1, 3, 5, 9, 10, 11, 12, 14, 16, 17, 19, 20]",1107,0,0.0
9,aec_adapted_interval,d09,0,0,test_trajectory,3,"[3, 15, 9, 11, -1, 0, 1, 2, 4, 5, 6, 7, 8, 10, 12, 13, 14, 16, 17, 18, 19, 20, 21]","[3, 15]",226,50,0.16666666666666666
10,aec_adapted_interval,d10,0,0,test_trajectory,9,"[9, 3, 16, -1, 0, 1, 2, 4, 5, 6, 7, 8, 10, 11, 12, 13, 14, 15, 17, 18, 19, 20, 21]","[3, 9, 10, 11, 14, 16]",466,21,0.0
11,aec_adapted_interval,d11,0,0,test_trajectory,3,"[3, 4, 9, 11, -1, 0, 1, 2, 5, 6, 7, 8, 10, 12, 13, 14, 15, 16, 17, 18, 19, 20, 21]","[3, 4, 9, 11, 14]",275,38,0.08333333333333333
12,aec_adapted_interval,d12,0,0,test_trajectory,9,"[9, 3, 4, -1, 0, 1, 2, 5, 6, 7, 8, 10, 11, 12, 13, 14, 15, 16, 17, 18, 19, 20, 21]","[1, 3, 5, 9, 10, 11, 12, 13, 14, 16, 17, 19, 20]",1130,4,0.0
13,aec_adapted_interval,d13,0,0,test_trajectory,9,"[9, 4, -1, 0, 1, 2, 3, 5, 6, 7, 8, 10, 11, 12, 13, 14, 15, 16, 17, 18, 19, 20, 21]","[2, 3, 5, 9, 10, 11, 12, 13, 14, 16, 17, 19, 20]",1244,12,0.0
14,aec_adapted_interval,d14,0,0,test_trajectory,3,"[3, 11, 9, 14, -1, 0, 1, 2, 4, 5, 6, 7, 8, 10, 12, 13, 15, 16, 17, 18, 19, 20, 21]","[3, 11, 14]",143,10,0.08333333333333333
15,aec_adapted_interval,d15,0,0,test_trajectory,3,"[3, -1, 9, 11, 15, 0, 1, 2, 4, 5, 6, 7, 8, 10, 12, 13, 14, 16, 17, 18, 19, 20, 21]",[3],223,40,0.08333333333333333
16,aec_adapted_interval,d16,0,0,test_trajectory,9,"[9, 3, -1, 0, 1, 2, 4, 5, 6, 7, 8, 10, 11, 12, 13, 14, 15, 16, 17, 18, 19, 20, 21]","[3, 9, 10, 14, 16]",408,25,0.0
17,aec_adapted_interval,d17,0,0,test_trajectory,4,"[4, 9, 3, -1, 0, 1, 2, 5, 6, 7, 8, 10, 11, 12, 13, 14, 15, 16, 17, 18, 19, 20, 21]","[3, 4, 9, 11, 14, 17]",376,19,0.0
18,aec_adapted_interval,d18,0,0,test_trajectory,3,"[3, 21, 4, 9, -1, 0, 1, 2, 5, 6, 7, 8, 10, 11, 12, 13, 14, 15, 16, 17, 18, 19, 20]","[3, 6, 21]",1060,192,0.0
19,aec_adapted_interval,d19,0,0,test_trajectory,3,"[3, 11, 9, 19, -1, 0, 1, 2, 4, 5, 6, 7, 8, 10, 12, 13, 14, 15, 16, 17, 18, 20, 21]","[3, 11, 14, 19]",183,16,0.08333333333333333
20,aec_adapted_interval,d20,0,0,test_trajectory,9,"[9, 3, 20, -1, 0, 1, 2, 4, 5, 6, 7, 8, 10, 11, 12, 13, 14, 15, 16, 17, 18, 19, 21]","[3, 9, 10, 14, 16, 20]",414,21,0.08333333333333333
21,aec_adapted_interval,d21,0,0,test_trajectory,21,"[21, 15, -1, 0, 1, 2, 3, 4, 5, 6, 7, 8, 9, 10, 11, 12, 13, 14, 16, 17, 18, 19, 20]","[15, 21]",205,84,0.9166666666666666
0,minexplain_interval,d00,0,0,test_trajectory,3,"[3, 15, -1, 9, 11, 14, 16, 0, 1, 2, 4, 5, 6, 7, 8, 10, 12, 13, 17, 18, 19, 20, 21]",[],180,82,0.0
1,minexplain_interval,d01,0,0,test_trajectory,15,"[15, 10, 5, 7, 9, 14, 16, -1, 0, 1, 2, 3, 4, 6, 8, 11, 12, 13, 17, 18, 19, 20, 21]","[1, 10, 15]",680,75,0.0
2,minexplain_interval,d02,0,0,test_trajectory,2,"[2, 4, 10, 14, 17, 20, -1, 0, 1, 3, 5, 6, 7, 8, 9, 11, 12, 13, 15, 16, 18, 19, 21]",[2],564,19,0.5833333333333334
3,minexplain_interval,d03,0,0,test_trajectory,3,"[3, -1, 9, 14, 15, 0, 1, 2, 4, 5, 6, 7, 8, 10, 11, 12, 13, 16, 17, 18, 19, 20, 21]",[3],211,62,0.4166666666666667
4,minexplain_interval,d04,0,0,test_trajectory,4,"[4, 3, 9, 14, -1, 0, 1, 2, 5, 6, 7, 8, 10, 11, 12, 13, 15, 16, 17, 18, 19, 20, 21]","[3, 4]",193,56,0.4166666666666667
5,minexplain_interval,d05,0,0,test_trajectory,3,"[3, -1, 10, 7, 9, 14, 20, 0, 1, 2, 4, 5, 6, 8, 11, 12, 13, 15, 16, 17, 18, 19, 21]",[3],426,67,0.0
6,minexplain_interval,d06,0,0,test_trajectory,6,"[6, 10, -1, 0, 1, 2, 3, 4, 5, 7, 8, 9, 11, 12, 13, 14, 15, 16, 17, 18, 19, 20, 21]","[6, 21]",1035,23,0.9166666666666666
7,minexplain_interval,d07,0,0,test_trajectory,10,"[10, 3, -1, 1, 5, 7, 15, 0, 2, 4, 6, 8, 9, 11, 12, 13, 14, 16, 17, 18, 19, 20, 21]",[],586,24,0.08333333333333333
8,minexplain_interval,d08,0,0,test_trajectory,5,"[5, 1, 2, 7, 10, 12, 13, 14, -1, 0, 3, 4, 6, 8, 9, 11, 15, 16, 17, 18, 19, 20, 21]","[1, 5, 7, 8, 10, 12, 13]",1107,0,0.0
9,minexplain_interval,d09,0,0,test_trajectory,3,"[3, 15, 10, 14, 11, -1, 0, 1, 2, 4, 5, 6, 7, 8, 9, 12, 13, 16, 17, 18, 19, 20, 21]","[3, 15]",226,50,0.0
10,minexplain_interval,d10,0,0,test_trajectory,14,"[14, 16, 10, 3, 5, -1, 0, 1, 2, 4, 6, 7, 8, 9, 11, 12, 13, 15, 17, 18, 19, 20, 21]","[5, 10, 14, 16]",466,21,0.16666666666666666
11,minexplain_interval,d11,0,0,test_trajectory,11,"[11, 14, 10, 3, 16, 17, -1, 0, 1, 2, 4, 5, 6, 7, 8, 9, 12, 13, 15, 18, 19, 20, 21]","[11, 14, 17]",275,38,0.3333333333333333
12,minexplain_interval,d12,0,0,test_trajectory,1,"[1, 5, 8, 10, 11, 12, 17, -1, 0, 2, 3, 4, 6, 7, 9, 13, 14, 15, 16, 18, 19, 20, 21]","[1, 5, 7, 8, 12, 13, 18]",1130,4,0.08333333333333333
13,minexplain_interval,d13,0,0,test_trajectory,1,"[1, 5, 13, 2, 10, 12, 20, -1, 0, 3, 4, 6, 7, 8, 9, 11, 14, 15, 16, 17, 18, 19, 21]","[1, 2, 5, 7, 8, 12, 13, 18]",1244,12,0.16666666666666666
14,minexplain_interval,d14,0,0,test_trajectory,11,"[11, 14, 3, 9, -1, 0, 1, 2, 4, 5, 6, 7, 8, 10, 12, 13, 15, 16, 17, 18, 19, 20, 21]","[11, 14]",143,10,0.16666666666666666
15,minexplain_interval,d15,0,0,test_trajectory,-1,"[-1, 3, 11, 16, 10, 15, 17, 0, 1, 2, 4, 5, 6, 7, 8, 9, 12, 13, 14, 18, 19, 20, 21]",[],223,40,0.08333333333333333
16,minexplain_interval,d16,0,0,test_trajectory,10,"[10, 3, 9, 11, 14, 15, 16, -1, 0, 1, 2, 4, 5, 6, 7, 8, 12, 13, 17, 18, 19, 20, 21]","[10, 16]",408,25,0.08333333333333333
17,minexplain_interval,d17,0,0,test_trajectory,10,"[10, 11, 3, 14, 4, 17, -1, 0, 1, 2, 5, 6, 7, 8, 9, 12, 13, 15, 16, 18, 19, 20, 21]","[11, 14, 17]",376,19,0.08333333333333333
18,minexplain_interval,d18,0,0,test_trajectory,6,"[6, 18, 3, 5, -1, 0, 1, 2, 4, 7, 8, 9, 10, 11, 12, 13, 14, 15, 16, 17, 19, 20, 21]","[6, 21]",1060,192,0.16666666666666666
19,minexplain_interval,d19,0,0,test_trajectory,19,"[19, 14, 11, -1, 0, 1, 2, 3, 4, 5, 6, 7, 8, 9, 10, 12, 13, 15, 16, 17, 18, 20, 21]","[14, 19]",183,16,0.5
20,minexplain_interval,d20,0,0,test_trajectory,20,"[20, 3, 15, 16, 9, 14, -1, 0, 1, 2, 4, 5, 6, 7, 8, 10, 11, 12, 13, 17, 18, 19, 21]","[10, 20]",414,21,0.3333333333333333
21,minexplain_interval,d21,0,0,test_trajectory,21,"[21, 15, -1, 0, 1, 2, 3, 4, 5, 6, 7, 8, 9, 10, 11, 12, 13, 14, 16, 17, 18, 19, 20]","[15, 21]",205,84,0.8333333333333334
0,aec_adapted_raw_temporal,d00,0,0,test_trajectory,3,"[3, 15, -1, 16, 0, 1, 2, 4, 5, 6, 7, 8, 9, 10, 11, 12, 13, 14, 17, 18, 19, 20, 21]",[],180,82,0.0
1,aec_adapted_raw_temporal,d01,0,0,test_trajectory,9,"[9, 15, 3, 4, -1, 0, 1, 2, 5, 6, 7, 8, 10, 11, 12, 13, 14, 16, 17, 18, 19, 20, 21]","[1, 3, 9, 10, 15, 16]",680,75,0.0
2,aec_adapted_raw_temporal,d02,0,0,test_trajectory,4,"[4, 3, 9, -1, 0, 1, 2, 5, 6, 7, 8, 10, 11, 12, 13, 14, 15, 16, 17, 18, 19, 20, 21]","[2, 3, 4]",564,19,0.0
3,aec_adapted_raw_temporal,d03,0,0,test_trajectory,3,"[3, 9, -1, 15, 0, 1, 2, 4, 5, 6, 7, 8, 10, 11, 12, 13, 14, 16, 17, 18, 19, 20, 21]",[3],211,62,0.5
4,aec_adapted_raw_temporal,d04,0,0,test_trajectory,4,"[4, 3, -1, 0, 1, 2, 5, 6, 7, 8, 9, 10, 11, 12, 13, 14, 15, 16, 17, 18, 19, 20, 21]","[3, 4]",193,56,0.75
5,aec_adapted_raw_temporal,d05,0,0,test_trajectory,3,"[3, 9, -1, 19, 0, 1, 2, 4, 5, 6, 7, 8, 10, 11, 12, 13, 14, 15, 16, 17, 18, 20, 21]",[3],426,67,0.0
6,aec_adapted_raw_temporal,d06,0,0,test_trajectory,4,"[4, 3, 9, -1, 0, 1, 2, 5, 6, 7, 8, 10, 11, 12, 13, 14, 15, 16, 17, 18, 19, 20, 21]","[4, 6, 21]",1035,23,0.0
7,aec_adapted_raw_temporal,d07,0,0,test_trajectory,9,"[9, 3, -1, 4, 16, 0, 1, 2, 5, 6, 7, 8, 10, 11, 12, 13, 14, 15, 17, 18, 19, 20, 21]","[3, 9, 10, 16, 20]",586,24,0.0
8,aec_adapted_raw_temporal,d08,0,0,test_trajectory,9,"[9, 3, 4, -1, 0, 1, 2, 5, 6, 7, 8, 10, 11, 12, 13, 14, 15, 16, 17, 18, 19, 20, 21]","[1, 3, 5, 9, 10, 11, 12, 14, 16, 17, 19, 20]",1107,0,0.0
9,aec_adapted_raw_temporal,d09,0,0,test_trajectory,3,"[3, 15, 9, 11, -1, 0, 1, 2, 4, 5, 6, 7, 8, 10, 12, 13, 14, 16, 17, 18, 19, 20, 21]","[3, 15]",226,50,0.16666666666666666
10,aec_adapted_raw_temporal,d10,0,0,test_trajectory,9,"[9, 16, 3, -1, 0, 1, 2, 4, 5, 6, 7, 8, 10, 11, 12, 13, 14, 15, 17, 18, 19, 20, 21]","[3, 9, 10, 11, 14, 16]",466,21,0.0
11,aec_adapted_raw_temporal,d11,0,0,test_trajectory,3,"[3, 4, 9, 11, -1, 0, 1, 2, 5, 6, 7, 8, 10, 12, 13, 14, 15, 16, 17, 18, 19, 20, 21]","[3, 4, 9, 11, 14]",275,38,0.08333333333333333
12,aec_adapted_raw_temporal,d12,0,0,test_trajectory,9,"[9, 4, -1, 0, 1, 2, 3, 5, 6, 7, 8, 10, 11, 12, 13, 14, 15, 16, 17, 18, 19, 20, 21]","[3, 5, 7, 9, 10, 11, 12, 13, 14, 16, 17, 19, 20]",1130,4,0.0
13,aec_adapted_raw_temporal,d13,0,0,test_trajectory,9,"[9, 4, -1, 0, 1, 2, 3, 5, 6, 7, 8, 10, 11, 12, 13, 14, 15, 16, 17, 18, 19, 20, 21]","[1, 2, 3, 5, 9, 10, 11, 12, 13, 14, 16, 17, 19, 20]",1244,12,0.0
14,aec_adapted_raw_temporal,d14,0,0,test_trajectory,3,"[3, 11, 9, 14, -1, 0, 1, 2, 4, 5, 6, 7, 8, 10, 12, 13, 15, 16, 17, 18, 19, 20, 21]","[3, 11, 14]",143,10,0.08333333333333333
15,aec_adapted_raw_temporal,d15,0,0,test_trajectory,3,"[3, -1, 9, 11, 15, 0, 1, 2, 4, 5, 6, 7, 8, 10, 12, 13, 14, 16, 17, 18, 19, 20, 21]",[3],223,40,0.08333333333333333
16,aec_adapted_raw_temporal,d16,0,0,test_trajectory,9,"[9, 3, -1, 0, 1, 2, 4, 5, 6, 7, 8, 10, 11, 12, 13, 14, 15, 16, 17, 18, 19, 20, 21]","[3, 9, 10, 14, 16]",408,25,0.0
17,aec_adapted_raw_temporal,d17,0,0,test_trajectory,4,"[4, 9, 3, -1, 0, 1, 2, 5, 6, 7, 8, 10, 11, 12, 13, 14, 15, 16, 17, 18, 19, 20, 21]","[3, 4, 9, 11, 14, 17]",376,19,0.0
18,aec_adapted_raw_temporal,d18,0,0,test_trajectory,3,"[3, 21, 4, 9, -1, 0, 1, 2, 5, 6, 7, 8, 10, 11, 12, 13, 14, 15, 16, 17, 18, 19, 20]","[3, 6, 21]",1060,192,0.0
19,aec_adapted_raw_temporal,d19,0,0,test_trajectory,3,"[3, 9, 11, -1, 0, 1, 2, 4, 5, 6, 7, 8, 10, 12, 13, 14, 15, 16, 17, 18, 19, 20, 21]","[3, 11, 14, 19]",183,16,0.0
20,aec_adapted_raw_temporal,d20,0,0,test_trajectory,9,"[9, 3, 20, -1, 0, 1, 2, 4, 5, 6, 7, 8, 10, 11, 12, 13, 14, 15, 16, 17, 18, 19, 21]","[3, 9, 10, 14, 16, 20]",414,21,0.08333333333333333
21,aec_adapted_raw_temporal,d21,0,0,test_trajectory,21,"[21, 15, -1, 0, 1, 2, 3, 4, 5, 6, 7, 8, 9, 10, 11, 12, 13, 14, 16, 17, 18, 19, 20]","[15, 21]",205,84,0.9166666666666666
0,minexplain_raw_temporal,d00,0,0,test_trajectory,3,"[3, 15, -1, 9, 10, 11, 14, 0, 1, 2, 4, 5, 6, 7, 8, 12, 13, 16, 17, 18, 19, 20, 21]",[],180,82,0.0
1,minexplain_raw_temporal,d01,0,0,test_trajectory,15,"[15, 1, 10, 6, 7, 9, -1, 0, 2, 3, 4, 5, 8, 11, 12, 13, 14, 16, 17, 18, 19, 20, 21]","[1, 15]",680,75,0.16666666666666666
2,minexplain_raw_temporal,d02,0,0,test_trajectory,2,"[2, 10, -1, 0, 1, 3, 4, 5, 6, 7, 8, 9, 11, 12, 13, 14, 15, 16, 17, 18, 19, 20, 21]",[2],564,19,0.9166666666666666
3,minexplain_raw_temporal,d03,0,0,test_trajectory,3,"[3, -1, 9, 10, 14, 15, 0, 1, 2, 4, 5, 6, 7, 8, 11, 12, 13, 16, 17, 18, 19, 20, 21]",[],211,62,0.4166666666666667
4,minexplain_raw_temporal,d04,0,0,test_trajectory,4,"[4, 9, 14, 3, -1, 0, 1, 2, 5, 6, 7, 8, 10, 11, 12, 13, 15, 16, 17, 18, 19, 20, 21]","[3, 4]",193,56,0.5
5,minexplain_raw_temporal,d05,0,0,test_trajectory,3,"[3, -1, 10, 7, 9, 14, 19, 0, 1, 2, 4, 5, 6, 8, 11, 12, 13, 15, 16, 17, 18, 20, 21]",[],426,67,0.0
6,minexplain_raw_temporal,d06,0,0,test_trajectory,6,"[6, -1, 0, 1, 2, 3, 4, 5, 7, 8, 9, 10, 11, 12, 13, 14, 15, 16, 17, 18, 19, 20, 21]","[6, 21]",1035,23,1.0
7,minexplain_raw_temporal,d07,0,0,test_trajectory,10,"[10, 3, 5, -1, 7, 15, 0, 1, 2, 4, 6, 8, 9, 11, 12, 13, 14, 16, 17, 18, 19, 20, 21]",[],586,24,0.08333333333333333
8,minexplain_raw_temporal,d08,0,0,test_trajectory,10,"[10, 5, 1, 7, 8, 14, -1, 0, 2, 3, 4, 6, 9, 11, 12, 13, 15, 16, 17, 18, 19, 20, 21]","[1, 5, 7, 12]",1107,0,0.08333333333333333
9,minexplain_raw_temporal,d09,0,0,test_trajectory,15,"[15, 3, 10, 11, 14, -1, 0, 1, 2, 4, 5, 6, 7, 8, 9, 12, 13, 16, 17, 18, 19, 20, 21]",[15],226,50,0.0
10,minexplain_raw_temporal,d10,0,0,test_trajectory,10,"[10, 16, 1, 3, 5, 14, -1, 0, 2, 4, 6, 7, 8, 9, 11, 12, 13, 15, 17, 18, 19, 20, 21]","[5, 10, 14]",466,21,0.4166666666666667
11,minexplain_raw_temporal,d11,0,0,test_trajectory,14,"[14, 9, 10, 11, 16, 3, -1, 0, 1, 2, 4, 5, 6, 7, 8, 12, 13, 15, 17, 18, 19, 20, 21]","[11, 14]",275,38,0.16666666666666666
12,minexplain_raw_temporal,d12,0,0,test_trajectory,12,"[12, 1, 7, 16, 5, 8, 10, -1, 0, 2, 3, 4, 6, 9, 11, 13, 14, 15, 17, 18, 19, 20, 21]","[1, 5, 7, 12]",1130,4,0.25
13,minexplain_raw_temporal,d13,0,0,test_trajectory,1,"[1, 5, 10, 12, 2, 7, 13, -1, 0, 3, 4, 6, 8, 9, 11, 14, 15, 16, 17, 18, 19, 20, 21]","[1, 5, 7, 8, 12, 13]",1244,12,0.08333333333333333
14,minexplain_raw_temporal,d14,0,0,test_trajectory,14,"[14, 11, 9, 3, 17, -1, 0, 1, 2, 4, 5, 6, 7, 8, 10, 12, 13, 15, 16, 18, 19, 20, 21]","[11, 14]",143,10,0.4166666666666667
15,minexplain_raw_temporal,d15,0,0,test_trajectory,-1,"[-1, 3, 11, 16, 10, 15, 17, 0, 1, 2, 4, 5, 6, 7, 8, 9, 12, 13, 14, 18, 19, 20, 21]",[],223,40,0.08333333333333333
16,minexplain_raw_temporal,d16,0,0,test_trajectory,10,"[10, 16, 11, 14, 15, -1, 0, 1, 2, 3, 4, 5, 6, 7, 8, 9, 12, 13, 17, 18, 19, 20, 21]","[10, 16]",408,25,0.3333333333333333
17,minexplain_raw_temporal,d17,0,0,test_trajectory,10,"[10, 11, 14, 9, 16, 17, -1, 0, 1, 2, 3, 4, 5, 6, 7, 8, 12, 13, 15, 18, 19, 20, 21]","[14, 17]",376,19,0.08333333333333333
18,minexplain_raw_temporal,d18,0,0,test_trajectory,6,"[6, 18, 3, 9, -1, 0, 1, 2, 4, 5, 7, 8, 10, 11, 12, 13, 14, 15, 16, 17, 19, 20, 21]","[6, 21]",1060,192,0.16666666666666666
19,minexplain_raw_temporal,d19,0,0,test_trajectory,19,"[19, 14, 11, -1, 0, 1, 2, 3, 4, 5, 6, 7, 8, 9, 10, 12, 13, 15, 16, 17, 18, 20, 21]","[14, 19]",183,16,0.6666666666666666
20,minexplain_raw_temporal,d20,0,0,test_trajectory,9,"[9, 15, 16, 20, 3, 10, -1, 0, 1, 2, 4, 5, 6, 7, 8, 11, 12, 13, 14, 17, 18, 19, 21]","[9, 10, 20]",414,21,0.16666666666666666
21,minexplain_raw_temporal,d21,0,0,test_trajectory,21,"[21, 15, -1, 0, 1, 2, 3, 4, 5, 6, 7, 8, 9, 10, 11, 12, 13, 14, 16, 17, 18, 19, 20]","[15, 21]",205,84,0.9166666666666666
0,aec_adapted_frozen_chronos2,d00,0,0,test_trajectory,3,"[3, 15, -1, 9, 0, 1, 2, 4, 5, 6, 7, 8, 10, 11, 12, 13, 14, 16, 17, 18, 19, 20, 21]",[],180,82,0.0
1,aec_adapted_frozen_chronos2,d01,0,0,test_trajectory,9,"[9, 3, 15, 4, -1, 0, 1, 2, 5, 6, 7, 8, 10, 11, 12, 13, 14, 16, 17, 18, 19, 20, 21]","[3, 9, 10, 15, 16]",680,75,0.0
2,aec_adapted_frozen_chronos2,d02,0,0,test_trajectory,4,"[4, 3, -1, 0, 1, 2, 5, 6, 7, 8, 9, 10, 11, 12, 13, 14, 15, 16, 17, 18, 19, 20, 21]","[2, 3, 4]",564,19,0.0
3,aec_adapted_frozen_chronos2,d03,0,0,test_trajectory,3,"[3, 9, -1, 15, 0, 1, 2, 4, 5, 6, 7, 8, 10, 11, 12, 13, 14, 16, 17, 18, 19, 20, 21]",[3],211,62,0.5
4,aec_adapted_frozen_chronos2,d04,0,0,test_trajectory,4,"[4, 3, -1, 0, 1, 2, 5, 6, 7, 8, 9, 10, 11, 12, 13, 14, 15, 16, 17, 18, 19, 20, 21]","[3, 4]",193,56,0.75
5,aec_adapted_frozen_chronos2,d05,0,0,test_trajectory,3,"[3, 9, -1, 19, 0, 1, 2, 4, 5, 6, 7, 8, 10, 11, 12, 13, 14, 15, 16, 17, 18, 20, 21]",[3],426,67,0.0
6,aec_adapted_frozen_chronos2,d06,0,0,test_trajectory,4,"[4, 3, 9, -1, 0, 1, 2, 5, 6, 7, 8, 10, 11, 12, 13, 14, 15, 16, 17, 18, 19, 20, 21]","[4, 6, 21]",1035,23,0.0
7,aec_adapted_frozen_chronos2,d07,0,0,test_trajectory,9,"[9, 3, -1, 4, 16, 0, 1, 2, 5, 6, 7, 8, 10, 11, 12, 13, 14, 15, 17, 18, 19, 20, 21]","[3, 9, 10, 16, 20]",586,24,0.0
8,aec_adapted_frozen_chronos2,d08,0,0,test_trajectory,9,"[9, 3, 4, -1, 0, 1, 2, 5, 6, 7, 8, 10, 11, 12, 13, 14, 15, 16, 17, 18, 19, 20, 21]","[1, 3, 5, 9, 10, 11, 12, 14, 16, 17, 19, 20]",1107,0,0.0
9,aec_adapted_frozen_chronos2,d09,0,0,test_trajectory,3,"[3, 15, 9, 11, -1, 0, 1, 2, 4, 5, 6, 7, 8, 10, 12, 13, 14, 16, 17, 18, 19, 20, 21]","[3, 15]",226,50,0.16666666666666666
10,aec_adapted_frozen_chronos2,d10,0,0,test_trajectory,9,"[9, 3, 16, -1, 0, 1, 2, 4, 5, 6, 7, 8, 10, 11, 12, 13, 14, 15, 17, 18, 19, 20, 21]","[3, 9, 10, 11, 14, 16]",466,21,0.0
11,aec_adapted_frozen_chronos2,d11,0,0,test_trajectory,3,"[3, 4, 9, 11, -1, 0, 1, 2, 5, 6, 7, 8, 10, 12, 13, 14, 15, 16, 17, 18, 19, 20, 21]","[3, 4, 9, 11, 14]",275,38,0.08333333333333333
12,aec_adapted_frozen_chronos2,d12,0,0,test_trajectory,9,"[9, 3, 4, -1, 0, 1, 2, 5, 6, 7, 8, 10, 11, 12, 13, 14, 15, 16, 17, 18, 19, 20, 21]","[3, 5, 9, 10, 11, 12, 13, 14, 16, 17, 19, 20]",1130,4,0.0
13,aec_adapted_frozen_chronos2,d13,0,0,test_trajectory,9,"[9, 4, -1, 0, 1, 2, 3, 5, 6, 7, 8, 10, 11, 12, 13, 14, 15, 16, 17, 18, 19, 20, 21]","[1, 2, 3, 5, 9, 10, 11, 12, 13, 14, 16, 17, 19, 20]",1244,12,0.0
14,aec_adapted_frozen_chronos2,d14,0,0,test_trajectory,3,"[3, 9, 11, 14, 19, -1, 0, 1, 2, 4, 5, 6, 7, 8, 10, 12, 13, 15, 16, 17, 18, 20, 21]","[3, 11, 14]",143,10,0.16666666666666666
15,aec_adapted_frozen_chronos2,d15,0,0,test_trajectory,3,"[3, -1, 9, 11, 15, 0, 1, 2, 4, 5, 6, 7, 8, 10, 12, 13, 14, 16, 17, 18, 19, 20, 21]",[3],223,40,0.08333333333333333
16,aec_adapted_frozen_chronos2,d16,0,0,test_trajectory,9,"[9, 3, -1, 0, 1, 2, 4, 5, 6, 7, 8, 10, 11, 12, 13, 14, 15, 16, 17, 18, 19, 20, 21]","[3, 9, 10, 14, 16]",408,25,0.0
17,aec_adapted_frozen_chronos2,d17,0,0,test_trajectory,4,"[4, 9, 3, -1, 0, 1, 2, 5, 6, 7, 8, 10, 11, 12, 13, 14, 15, 16, 17, 18, 19, 20, 21]","[3, 4, 9, 10, 11, 14, 17]",376,19,0.0
18,aec_adapted_frozen_chronos2,d18,0,0,test_trajectory,3,"[3, 21, 4, 9, -1, 0, 1, 2, 5, 6, 7, 8, 10, 11, 12, 13, 14, 15, 16, 17, 18, 19, 20]","[3, 6, 21]",1060,192,0.0
19,aec_adapted_frozen_chronos2,d19,0,0,test_trajectory,3,"[3, 11, 9, 19, -1, 0, 1, 2, 4, 5, 6, 7, 8, 10, 12, 13, 14, 15, 16, 17, 18, 20, 21]","[3, 11, 14, 19]",183,16,0.08333333333333333
20,aec_adapted_frozen_chronos2,d20,0,0,test_trajectory,9,"[9, 3, 20, -1, 0, 1, 2, 4, 5, 6, 7, 8, 10, 11, 12, 13, 14, 15, 16, 17, 18, 19, 21]","[3, 9, 10, 14, 16, 20]",414,21,0.08333333333333333
21,aec_adapted_frozen_chronos2,d21,0,0,test_trajectory,21,"[21, 15, -1, 0, 1, 2, 3, 4, 5, 6, 7, 8, 9, 10, 11, 12, 13, 14, 16, 17, 18, 19, 20]","[15, 21]",205,84,0.9166666666666666
0,minexplain_frozen_chronos2,d00,0,0,test_trajectory,3,"[3, 15, -1, 9, 11, 14, 16, 0, 1, 2, 4, 5, 6, 7, 8, 10, 12, 13, 17, 18, 19, 20, 21]",[],180,82,0.0
1,minexplain_frozen_chronos2,d01,0,0,test_trajectory,15,"[15, 1, 7, 9, 13, 14, 16, -1, 0, 2, 3, 4, 5, 6, 8, 10, 11, 12, 17, 18, 19, 20, 21]","[1, 5, 15]",680,75,0.16666666666666666
2,minexplain_frozen_chronos2,d02,0,0,test_trajectory,2,"[2, 10, -1, 0, 1, 3, 4, 5, 6, 7, 8, 9, 11, 12, 13, 14, 15, 16, 17, 18, 19, 20, 21]",[2],564,19,0.9166666666666666
3,minexplain_frozen_chronos2,d03,0,0,test_trajectory,3,"[3, -1, 10, 14, 15, 16, 0, 1, 2, 4, 5, 6, 7, 8, 9, 11, 12, 13, 17, 18, 19, 20, 21]",[3],211,62,0.4166666666666667
4,minexplain_frozen_chronos2,d04,0,0,test_trajectory,4,"[4, 3, 9, 14, 10, -1, 0, 1, 2, 5, 6, 7, 8, 11, 12, 13, 15, 16, 17, 18, 19, 20, 21]","[3, 4]",193,56,0.4166666666666667
5,minexplain_frozen_chronos2,d05,0,0,test_trajectory,3,"[3, -1, 10, 1, 7, 9, 14, 0, 2, 4, 5, 6, 8, 11, 12, 13, 15, 16, 17, 18, 19, 20, 21]",[],426,67,0.0
6,minexplain_frozen_chronos2,d06,0,0,test_trajectory,6,"[6, 10, -1, 0, 1, 2, 3, 4, 5, 7, 8, 9, 11, 12, 13, 14, 15, 16, 17, 18, 19, 20, 21]","[6, 21]",1035,23,0.9166666666666666
7,minexplain_frozen_chronos2,d07,0,0,test_trajectory,10,"[10, 1, 3, -1, 7, 0, 2, 4, 5, 6, 8, 9, 11, 12, 13, 14, 15, 16, 17, 18, 19, 20, 21]",[5],586,24,0.08333333333333333
8,minexplain_frozen_chronos2,d08,0,0,test_trajectory,5,"[5, 1, 8, 12, 13, 14, -1, 0, 2, 3, 4, 6, 7, 9, 10, 11, 15, 16, 17, 18, 19, 20, 21]","[1, 5, 7, 8, 12, 13]",1107,0,0.08333333333333333
9,minexplain_frozen_chronos2,d09,0,0,test_trajectory,15,"[15, 3, 10, 11, 14, -1, 0, 1, 2, 4, 5, 6, 7, 8, 9, 12, 13, 16, 17, 18, 19, 20, 21]",[15],226,50,0.0
10,minexplain_frozen_chronos2,d10,0,0,test_trajectory,10,"[10, 16, 1, 3, 5, 14, -1, 0, 2, 4, 6, 7, 8, 9, 11, 12, 13, 15, 17, 18, 19, 20, 21]","[5, 10, 16]",466,21,0.3333333333333333
11,minexplain_frozen_chronos2,d11,0,0,test_trajectory,11,"[11, 10, 14, -1, 0, 1, 2, 3, 4, 5, 6, 7, 8, 9, 12, 13, 15, 16, 17, 18, 19, 20, 21]","[11, 14]",275,38,0.5
12,minexplain_frozen_chronos2,d12,0,0,test_trajectory,12,"[12, 1, 5, 8, 13, -1, 0, 2, 3, 4, 6, 7, 9, 10, 11, 14, 15, 16, 17, 18, 19, 20, 21]","[1, 5, 8, 12, 18]",1130,4,0.4166666666666667
13,minexplain_frozen_chronos2,d13,0,0,test_trajectory,1,"[1, 5, 13, 8, 10, 11, 12, -1, 0, 2, 3, 4, 6, 7, 9, 14, 15, 16, 17, 18, 19, 20, 21]","[1, 7, 8, 12, 13]",1244,12,0.16666666666666666
14,minexplain_frozen_chronos2,d14,0,0,test_trajectory,14,"[14, 9, 11, -1, 0, 1, 2, 3, 4, 5, 6, 7, 8, 10, 12, 13, 15, 16, 17, 18, 19, 20, 21]","[11, 14]",143,10,0.8333333333333334
15,minexplain_frozen_chronos2,d15,0,0,test_trajectory,-1,"[-1, 3, 11, 10, 14, 15, 16, 0, 1, 2, 4, 5, 6, 7, 8, 9, 12, 13, 17, 18, 19, 20, 21]",[],223,40,0.08333333333333333
16,minexplain_frozen_chronos2,d16,0,0,test_trajectory,10,"[10, 16, 3, 5, 14, 15, -1, 0, 1, 2, 4, 6, 7, 8, 9, 11, 12, 13, 17, 18, 19, 20, 21]","[9, 10, 16]",408,25,0.3333333333333333
17,minexplain_frozen_chronos2,d17,0,0,test_trajectory,17,"[17, 10, 9, 14, 11, -1, 0, 1, 2, 3, 4, 5, 6, 7, 8, 12, 13, 15, 16, 18, 19, 20, 21]","[14, 17]",376,19,0.3333333333333333
18,minexplain_frozen_chronos2,d18,0,0,test_trajectory,6,"[6, 18, 3, 5, -1, 0, 1, 2, 4, 7, 8, 9, 10, 11, 12, 13, 14, 15, 16, 17, 19, 20, 21]","[6, 21]",1060,192,0.16666666666666666
19,minexplain_frozen_chronos2,d19,0,0,test_trajectory,19,"[19, 11, 14, -1, 0, 1, 2, 3, 4, 5, 6, 7, 8, 9, 10, 12, 13, 15, 16, 17, 18, 20, 21]","[14, 19]",183,16,0.8333333333333334
20,minexplain_frozen_chronos2,d20,0,0,test_trajectory,20,"[20, 9, 15, 3, 5, 10, -1, 0, 1, 2, 4, 6, 7, 8, 11, 12, 13, 14, 16, 17, 18, 19, 21]","[10, 20]",414,21,0.3333333333333333
21,minexplain_frozen_chronos2,d21,0,0,test_trajectory,21,"[21, 15, -1, 0, 1, 2, 3, 4, 5, 6, 7, 8, 9, 10, 11, 12, 13, 14, 16, 17, 18, 19, 20]","[15, 21]",205,84,0.8333333333333334
0,svm_statistics,d00,0,0,test_trajectory,3,"[3, 9, 15, 0, 4, 10, 16, 21, -1, 1, 2, 5, 6, 7, 8, 11, 12, 13, 14, 17, 18, 19, 20]",[],0,0,0.06666666666666667
1,svm_statistics,d01,0,0,test_trajectory,1,"[1, 0, 15, 4, -1, 2, 3, 5, 6, 7, 8, 9, 10, 11, 12, 13, 14, 16, 17, 18, 19, 20, 21]",[1],0,0,0.5833333333333334
2,svm_statistics,d02,0,0,test_trajectory,2,"[2, -1, 0, 1, 3, 4, 5, 6, 7, 8, 9, 10, 11, 12, 13, 14, 15, 16, 17, 18, 19, 20, 21]",[2],0,0,1.0
3,svm_statistics,d03,0,0,test_trajectory,3,"[3, 0, 9, 10, 4, 15, -1, 1, 2, 5, 6, 7, 8, 11, 12, 13, 14, 16, 17, 18, 19, 20, 21]",[],0,0,0.3333333333333333
4,svm_statistics,d04,0,0,test_trajectory,9,"[9, 10, 4, 0, 3, 11, 15, -1, 1, 2, 5, 6, 7, 8, 12, 13, 14, 16, 17, 18, 19, 20, 21]",[],0,0,0.16666666666666666
5,svm_statistics,d05,0,0,test_trajectory,10,"[10, 9, 0, 3, 5, 7, 11, -1, 1, 2, 4, 6, 8, 12, 13, 14, 15, 16, 17, 18, 19, 20, 21]",[],0,0,0.08333333333333333
6,svm_statistics,d06,0,0,test_trajectory,6,"[6, 18, -1, 0, 1, 2, 3, 4, 5, 7, 8, 9, 10, 11, 12, 13, 14, 15, 16, 17, 19, 20, 21]","[6, 18]",0,0,0.5
7,svm_statistics,d07,0,0,test_trajectory,7,"[7, 10, 0, 3, 8, 9, 15, 21, -1, 1, 2, 4, 5, 6, 11, 12, 13, 14, 16, 17, 18, 19, 20]",[],0,0,0.3333333333333333
8,svm_statistics,d08,0,0,test_trajectory,5,"[5, 7, 8, -1, 0, 1, 2, 3, 4, 6, 9, 10, 11, 12, 13, 14, 15, 16, 17, 18, 19, 20, 21]",[5],0,0,0.25
9,svm_statistics,d09,0,0,test_trajectory,3,"[3, 9, 15, 0, 10, -1, 1, 2, 4, 5, 6, 7, 8, 11, 12, 13, 14, 16, 17, 18, 19, 20, 21]",[],0,0,0.25
10,svm_statistics,d10,0,0,test_trajectory,10,"[10, 3, 0, 9, 16, -1, 1, 2, 4, 5, 6, 7, 8, 11, 12, 13, 14, 15, 17, 18, 19, 20, 21]",[10],0,0,0.5
11,svm_statistics,d11,0,0,test_trajectory,11,"[11, 0, 3, 9, -1, 1, 2, 4, 5, 6, 7, 8, 10, 12, 13, 14, 15, 16, 17, 18, 19, 20, 21]",[11],0,0,0.75
12,svm_statistics,d12,0,0,test_trajectory,12,"[12, 10, 13, 18, -1, 0, 1, 2, 3, 4, 5, 6, 7, 8, 9, 11, 14, 15, 16, 17, 19, 20, 21]",[12],0,0,0.75
13,svm_statistics,d13,0,0,test_trajectory,5,"[5, 10, 13, 18, 3, 7, 8, 12, -1, 0, 1, 2, 4, 6, 9, 11, 14, 15, 16, 17, 19, 20, 21]",[],0,0,0.16666666666666666
14,svm_statistics,d14,0,0,test_trajectory,14,"[14, -1, 0, 1, 2, 3, 4, 5, 6, 7, 8, 9, 10, 11, 12, 13, 15, 16, 17, 18, 19, 20, 21]",[14],0,0,1.0
15,svm_statistics,d15,0,0,test_trajectory,3,"[3, 9, 10, 0, 15, 18, -1, 1, 2, 4, 5, 6, 7, 8, 11, 12, 13, 14, 16, 17, 19, 20, 21]",[],0,0,0.08333333333333333
16,svm_statistics,d16,0,0,test_trajectory,10,"[10, 3, 15, 5, 9, 16, -1, 0, 1, 2, 4, 6, 7, 8, 11, 12, 13, 14, 17, 18, 19, 20, 21]",[],0,0,0.08333333333333333
17,svm_statistics,d17,0,0,test_trajectory,17,"[17, -1, 0, 1, 2, 3, 4, 5, 6, 7, 8, 9, 10, 11, 12, 13, 14, 15, 16, 18, 19, 20, 21]",[17],0,0,1.0
18,svm_statistics,d18,0,0,test_trajectory,18,"[18, 16, -1, 0, 1, 2, 3, 4, 5, 6, 7, 8, 9, 10, 11, 12, 13, 14, 15, 17, 19, 20, 21]",[18],0,0,0.9166666666666666
19,svm_statistics,d19,0,0,test_trajectory,19,"[19, -1, 0, 1, 2, 3, 4, 5, 6, 7, 8, 9, 10, 11, 12, 13, 14, 15, 16, 17, 18, 20, 21]",[19],0,0,1.0
20,svm_statistics,d20,0,0,test_trajectory,20,"[20, 10, 4, 15, -1, 0, 1, 2, 3, 5, 6, 7, 8, 9, 11, 12, 13, 14, 16, 17, 18, 19, 21]",[20],0,0,0.6666666666666666
21,svm_statistics,d21,0,0,test_trajectory,21,"[21, 15, -1, 0, 1, 2, 3, 4, 5, 6, 7, 8, 9, 10, 11, 12, 13, 14, 16, 17, 18, 19, 20]",[21],0,0,0.8333333333333334
0,svm_window_pca,d00,0,0,test_trajectory,0,"[0, 21, 3, 10, -1, 1, 2, 4, 5, 6, 7, 8, 9, 11, 12, 13, 14, 15, 16, 17, 18, 19, 20]",[],0,0,0.4666666666666667
1,svm_window_pca,d01,0,0,test_trajectory,1,"[1, -1, 0, 2, 3, 4, 5, 6, 7, 8, 9, 10, 11, 12, 13, 14, 15, 16, 17, 18, 19, 20, 21]",[1],0,0,1.0
2,svm_window_pca,d02,0,0,test_trajectory,2,"[2, -1, 0, 1, 3, 4, 5, 6, 7, 8, 9, 10, 11, 12, 13, 14, 15, 16, 17, 18, 19, 20, 21]",[2],0,0,1.0
3,svm_window_pca,d03,0,0,test_trajectory,15,"[15, 0, 10, 21, -1, 1, 2, 3, 4, 5, 6, 7, 8, 9, 11, 12, 13, 14, 16, 17, 18, 19, 20]",[15],0,0,0.0
4,svm_window_pca,d04,0,0,test_trajectory,15,"[15, 0, 21, 4, -1, 1, 2, 3, 5, 6, 7, 8, 9, 10, 11, 12, 13, 14, 16, 17, 18, 19, 20]",[],0,0,0.08333333333333333
5,svm_window_pca,d05,0,0,test_trajectory,15,"[15, 0, 10, 21, 8, -1, 1, 2, 3, 4, 5, 6, 7, 9, 11, 12, 13, 14, 16, 17, 18, 19, 20]",[],0,0,0.0
6,svm_window_pca,d06,0,0,test_trajectory,6,"[6, 8, -1, 0, 1, 2, 3, 4, 5, 7, 9, 10, 11, 12, 13, 14, 15, 16, 17, 18, 19, 20, 21]",[6],0,0,0.5833333333333334
7,svm_window_pca,d07,0,0,test_trajectory,7,"[7, 0, 5, 15, 21, -1, 1, 2, 3, 4, 6, 8, 9, 10, 11, 12, 13, 14, 16, 17, 18, 19, 20]",[],0,0,0.4166666666666667
8,svm_window_pca,d08,0,0,test_trajectory,3,"[3, 5, 10, 15, 21, 8, 12, -1, 0, 1, 2, 4, 6, 7, 9, 11, 13, 14, 16, 17, 18, 19, 20]",[],0,0,0.08333333333333333
9,svm_window_pca,d09,0,0,test_trajectory,15,"[15, 21, 0, 3, 9, -1, 1, 2, 4, 5, 6, 7, 8, 10, 11, 12, 13, 14, 16, 17, 18, 19, 20]",[],0,0,0.08333333333333333
10,svm_window_pca,d10,0,0,test_trajectory,0,"[0, 15, 4, 3, 21, -1, 1, 2, 5, 6, 7, 8, 9, 10, 11, 12, 13, 14, 16, 17, 18, 19, 20]",[],0,0,0.0
11,svm_window_pca,d11,0,0,test_trajectory,15,"[15, 21, 0, 3, 4, -1, 1, 2, 5, 6, 7, 8, 9, 10, 11, 12, 13, 14, 16, 17, 18, 19, 20]",[],0,0,0.0
12,svm_window_pca,d12,0,0,test_trajectory,4,"[4, 5, 8, 15, 3, 7, 10, 16, -1, 0, 1, 2, 6, 9, 11, 12, 13, 14, 17, 18, 19, 20, 21]",[],0,0,0.0
13,svm_window_pca,d13,0,0,test_trajectory,5,"[5, 12, 13, 0, 3, 4, 7, 8, 9, -1, 1, 2, 6, 10, 11, 14, 15, 16, 17, 18, 19, 20, 21]",[],0,0,0.16666666666666666
14,svm_window_pca,d14,0,0,test_trajectory,14,"[14, 0, 15, 21, 9, -1, 1, 2, 3, 4, 5, 6, 7, 8, 10, 11, 12, 13, 16, 17, 18, 19, 20]",[],0,0,0.4166666666666667
15,svm_window_pca,d15,0,0,test_trajectory,0,"[0, 15, 21, 9, 10, -1, 1, 2, 3, 4, 5, 6, 7, 8, 11, 12, 13, 14, 16, 17, 18, 19, 20]",[],0,0,0.3333333333333333
16,svm_window_pca,d16,0,0,test_trajectory,15,"[15, 21, 0, 4, 9, 10, -1, 1, 2, 3, 5, 6, 7, 8, 11, 12, 13, 14, 16, 17, 18, 19, 20]",[15],0,0,0.0
17,svm_window_pca,d17,0,0,test_trajectory,17,"[17, 15, -1, 0, 1, 2, 3, 4, 5, 6, 7, 8, 9, 10, 11, 12, 13, 14, 16, 18, 19, 20, 21]",[17],0,0,0.9166666666666666
18,svm_window_pca,d18,0,0,test_trajectory,8,"[8, 18, 21, -1, 0, 1, 2, 3, 4, 5, 6, 7, 9, 10, 11, 12, 13, 14, 15, 16, 17, 19, 20]",[8],0,0,0.16666666666666666
19,svm_window_pca,d19,0,0,test_trajectory,21,"[21, 15, 0, 4, 9, 10, -1, 1, 2, 3, 5, 6, 7, 8, 11, 12, 13, 14, 16, 17, 18, 19, 20]",[],0,0,0.0
20,svm_window_pca,d20,0,0,test_trajectory,0,"[0, 9, 15, -1, 1, 2, 3, 4, 5, 6, 7, 8, 10, 11, 12, 13, 14, 16, 17, 18, 19, 20, 21]",[],0,0,0.0
21,svm_window_pca,d21,0,0,test_trajectory,15,"[15, 0, 3, 10, 21, -1, 1, 2, 4, 5, 6, 7, 8, 9, 11, 12, 13, 14, 16, 17, 18, 19, 20]",[],0,0,0.08333333333333333
