class,item,start,end,split
0,d00,0,64,fit
0,d00,64,128,fit
0,d00,128,192,fit
0,d00,192,256,fit
1,d01,20,84,fit
1,d01,84,148,fit
1,d01,148,212,fit
1,d01,212,276,fit
2,d02,20,84,fit
2,d02,84,148,fit
2,d02,148,212,fit
2,d02,212,276,fit
3,d03,20,84,fit
3,d03,84,148,fit
3,d03,148,212,fit
3,d03,212,276,fit
4,d04,20,84,fit
4,d04,84,148,fit
4,d04,148,212,fit
4,d04,212,276,fit
5,d05,20,84,fit
5,d05,84,148,fit
5,d05,148,212,fit
5,d05,212,276,fit
6,d06,20,84,fit
6,d06,84,148,fit
6,d06,148,212,fit
6,d06,212,276,fit
7,d07,20,84,fit
7,d07,84,148,fit
7,d07,148,212,fit
7,d07,212,276,fit
8,d08,20,84,fit
8,d08,84,148,fit
8,d08,148,212,fit
8,d08,212,276,fit
9,d09,20,84,fit
9,d09,84,148,fit
9,d09,148,212,fit
9,d09,212,276,fit
10,d10,20,84,fit
10,d10,84,148,fit
10,d10,148,212,fit
10,d10,212,276,fit
11,d11,20,84,fit
11,d11,84,148,fit
11,d11,148,212,fit
11,d11,212,276,fit
12,d12,20,84,fit
12,d12,84,148,fit
12,d12,148,212,fit
12,d12,212,276,fit
13,d13,20,84,fit
13,d13,84,148,fit
13,d13,148,212,fit
13,d13,212,276,fit
14,d14,20,84,fit
14,d14,84,148,fit
14,d14,148,212,fit
14,d14,212,276,fit
15,d15,20,84,fit
15,d15,84,148,fit
15,d15,148,212,fit
15,d15,212,276,fit
16,d16,20,84,fit
16,d16,84,148,fit
16,d16,148,212,fit
16,d16,212,276,fit
17,d17,20,84,fit
17,d17,84,148,fit
17,d17,148,212,fit
17,d17,212,276,fit
18,d18,20,84,fit
18,d18,84,148,fit
18,d18,148,212,fit
18,d18,212,276,fit
19,d19,20,84,fit
19,d19,84,148,fit
19,d19,148,212,fit
19,d19,212,276,fit
20,d20,20,84,fit
20,d20,84,148,fit
20,d20,148,212,fit
20,d20,212,276,fit
21,d21,20,84,fit
21,d21,84,148,fit
21,d21,148,212,fit
21,d21,212,276,fit
0,d00,300,364,validation
1,d01,288,352,validation
2,d02,288,352,validation
3,d03,288,352,validation
4,d04,288,352,validation
5,d05,288,352,validation
6,d06,288,352,validation
7,d07,288,352,validation
8,d08,288,352,validation
9,d09,288,352,validation
10,d10,288,352,validation
11,d11,288,352,validation
12,d12,288,352,validation
13,d13,288,352,validation
14,d14,288,352,validation
15,d15,288,352,validation
16,d16,288,352,validation
17,d17,288,352,validation
18,d18,288,352,validation
19,d19,288,352,validation
20,d20,288,352,validation
21,d21,288,352,validation
0,d00,400,464,calibration
1,d01,384,448,calibration
2,d02,384,448,calibration
3,d03,384,448,calibration
4,d04,384,448,calibration
5,d05,384,448,calibration
6,d06,384,448,calibration
7,d07,384,448,calibration
8,d08,384,448,calibration
9,d09,384,448,calibration
10,d10,384,448,calibration
11,d11,384,448,calibration
12,d12,384,448,calibration
13,d13,384,448,calibration
14,d14,384,448,calibration
15,d15,384,448,calibration
16,d16,384,448,calibration
17,d17,384,448,calibration
18,d18,384,448,calibration
19,d19,384,448,calibration
20,d20,384,448,calibration
21,d21,384,448,calibration
