method,case,support_precision,support_recall,support_f1,n_extra_edits,n_predicted,reconstruction_nmae,future_ended_nmae,future_persistent_nmae,residual_inconsistency_unknown,accepted_support_f1
constraint_only,clean_negative,0.125,0.125,0.125,0.875,0.875,0.07706734402611551,0.8702370076089638,0.8702370076089638,0.25,0.375
constraint_only,common_mode_state_control,0.0625,0.0625,0.0625,1.5625,1.5625,0.2679442335004133,1.6930036895227762,1.095346864626621,0.96875,0.96875
constraint_only,measurement_highcorr,0.28125,0.53125,0.3645833333333333,0.875,1.40625,0.4204523105392916,1.3161315270732223,0.9925800806066896,0.90625,0.0
constraint_only,measurement_lowcorr,0.0,0.0,0.0,0.8125,0.8125,0.5072648563024648,1.2347436490445582,0.9079277583141206,0.84375,0.0
fm_only,clean_negative,1.0,1.0,1.0,0.0,0.0,0.0,0.7864725143686859,0.7864725143686859,0.25,1.0
fm_only,common_mode_state_control,0.0,0.0,0.0,1.03125,1.03125,0.41363613356823764,1.3283272299207534,1.388694255328318,1.0,1.0
fm_only,measurement_highcorr,0.03125,0.03125,0.03125,0.0,0.03125,0.4275432671059127,1.2918570150785809,0.7988917267142875,1.0,0.0
fm_only,measurement_lowcorr,0.0,0.0,0.0,0.0,0.0,0.4299665178571428,1.1606973088662724,0.8236832214297574,0.53125,0.0
joint,clean_negative,1.0,1.0,1.0,0.0,0.0,1.81473015351625e-05,0.7864762836454555,0.7864762836454555,0.625,1.0
joint,common_mode_state_control,0.0,0.0,0.0,1.15625,1.15625,0.4217490608228477,1.3259115350487234,1.3832399285470072,1.0,1.0
joint,measurement_highcorr,0.171875,0.1875,0.17708333333333331,0.09375,0.28125,0.4092111846215395,1.2828579218989338,0.8136815229822772,1.0,0.0
joint,measurement_lowcorr,0.0,0.0,0.0,0.0625,0.0625,0.42999340458878776,1.1607030471606814,0.8236972936138677,0.90625,0.0
late_fusion,clean_negative,0.125,0.125,0.125,0.875,0.875,0.038533672013057726,0.8273240995240779,0.8273240995240779,0.0,0.125
late_fusion,common_mode_state_control,0.0,0.0,0.0,1.875,1.875,0.34020125454854494,1.4997096671943122,1.231100195476248,0.0,0.0
late_fusion,measurement_highcorr,0.28125,0.53125,0.3645833333333333,0.875,1.40625,0.42336588571757916,1.3048708826032434,0.8912478339433086,0.0,0.3645833333333333
late_fusion,measurement_lowcorr,0.0,0.0,0.0,0.8125,0.8125,0.4686156870798038,1.1919089846659936,0.8648063279351876,0.0,0.0
median_joint,clean_negative,0.875,0.875,0.875,0.125,0.125,0.0003117832794332125,0.7868373388326231,0.7868373388326231,0.625,1.0
median_joint,common_mode_state_control,0.0,0.0,0.0,1.4375,1.4375,0.45473656345856694,1.3063654152200872,1.3963515438742873,1.0,1.0
median_joint,measurement_highcorr,0.390625,0.46875,0.41666666666666663,0.1875,0.65625,0.3610715967466481,1.2420312669575946,0.8540280478439104,1.0,0.0
median_joint,measurement_lowcorr,0.0,0.0,0.0,0.125,0.125,0.4302828300274801,1.1610078039688199,0.8240381668295913,0.90625,0.0
oracle,clean_negative,1.0,1.0,1.0,0.0,0.0,0.0,0.7864725143686859,0.7864725143686859,0.0,1.0
oracle,common_mode_state_control,1.0,1.0,1.0,0.0,0.0,0.0,1.909555741551429,0.8015616449668481,0.0,1.0
oracle,measurement_highcorr,1.0,1.0,1.0,0.0,1.0,0.0,0.7864725143686859,1.3123499081709231,0.0,1.0
oracle,measurement_lowcorr,1.0,1.0,1.0,0.0,1.0,0.0,0.7864725143686859,1.227840275308843,0.0,1.0
raw,clean_negative,1.0,1.0,1.0,0.0,0.0,0.0,0.7864725143686859,0.7864725143686859,0.0,1.0
raw,common_mode_state_control,1.0,1.0,1.0,0.0,0.0,0.0,1.909555741551429,0.8015616449668481,0.0,1.0
raw,measurement_highcorr,0.0,0.0,0.0,0.0,0.0,0.4299665178571428,1.291716634114281,0.798562311826518,0.0,0.0
raw,measurement_lowcorr,0.0,0.0,0.0,0.0,0.0,0.4299665178571428,1.1606973088662724,0.8236832214297574,0.0,0.0
var_joint,clean_negative,0.875,0.875,0.875,0.125,0.125,0.00042727911495145,0.7870926493229291,0.7870926493229291,0.75,1.0
var_joint,common_mode_state_control,0.0,0.0,0.0,1.0,1.0,0.4125523619743134,1.3305655172434825,1.39744170111063,1.0,1.0
var_joint,measurement_highcorr,0.0,0.0,0.0,0.125,0.125,0.4304606280153378,1.2924524790630885,0.7993267345609322,0.96875,0.0
var_joint,measurement_lowcorr,0.0,0.0,0.0,0.125,0.125,0.4303938090566089,1.1612773543677506,0.8243099192452374,0.90625,0.0
