split,method,seed,precision,recall,support_f1,f1_at_1,f1_at_3,n_extra_explained
external,fm_only,11,0.17129629629629628,0.25,0.18813131313131315,0.14583333333333334,0.14583333333333334,1.8125
external,fm_only,23,0.24232954545454544,0.3020833333333333,0.23669871794871797,0.23611111111111108,0.16458333333333333,2.8125
external,fm_only,37,0.1875,0.13541666666666666,0.15277777777777776,0.1875,0.1375,0.6875
external,robust,-1,0.07638888888888888,0.08333333333333333,0.07222222222222223,0.08333333333333333,0.1625,1.0208333333333333
external,stats_fm,11,0.21319444444444446,0.3020833333333333,0.23273809523809522,0.13194444444444445,0.3104166666666667,1.2916666666666667
external,stats_fm,23,0.24965277777777775,0.4479166666666667,0.3063492063492063,0.15277777777777776,0.30833333333333335,1.5416666666666667
external,stats_fm,37,0.14583333333333334,0.15625,0.1423611111111111,0.1111111111111111,0.3,1.2083333333333333
external,stats_only,11,0.17500000000000002,0.2916666666666667,0.20565476190476192,0.1111111111111111,0.24791666666666667,1.5833333333333333
external,stats_only,23,0.20277777777777775,0.3958333333333333,0.25912698412698415,0.13194444444444445,0.28125,1.7708333333333333
external,stats_only,37,0.16929563492063493,0.3541666666666667,0.2185019841269841,0.09722222222222221,0.28125,1.875
external,stats_raw_pca,11,0.23645833333333333,0.4791666666666667,0.30357142857142855,0.13194444444444445,0.3,2.0
external,stats_raw_pca,23,0.2236111111111111,0.4479166666666667,0.28898809523809527,0.09722222222222221,0.3,1.9166666666666667
external,stats_raw_pca,37,0.25833333333333336,0.46875,0.316765873015873,0.08333333333333333,0.3,1.8125
external,stats_shuffled_fm,11,0.2138888888888889,0.3958333333333333,0.2612103174603175,0.15277777777777776,0.30833333333333335,1.7916666666666667
external,stats_shuffled_fm,23,0.1684027777777778,0.3020833333333333,0.20833333333333334,0.1111111111111111,0.28958333333333336,1.7291666666666667
external,stats_shuffled_fm,37,0.22708333333333333,0.3958333333333333,0.2716269841269841,0.1111111111111111,0.28125,1.6041666666666667
external,violation,-1,0.26875,0.4166666666666667,0.3084325396825397,0.19444444444444442,0.3354166666666667,1.5
validation,fm_only,11,0.2881944444444445,0.2916666666666667,0.2798611111111111,0.375,0.41250000000000003,0.3125
validation,fm_only,23,0.3298611111111111,0.2916666666666667,0.2951388888888889,0.34722222222222215,0.37083333333333335,0.4166666666666667
validation,fm_only,37,0.2777777777777778,0.25,0.2534722222222222,0.3888888888888889,0.40416666666666673,0.125
validation,robust,-1,0.041666666666666664,0.03125,0.03472222222222222,0.3055555555555555,0.36041666666666666,0.0
validation,stats_fm,11,0.23611111111111113,0.19791666666666666,0.20972222222222223,0.25,0.4270833333333333,0.5416666666666666
validation,stats_fm,23,0.2638888888888889,0.2708333333333333,0.25,0.3125,0.40625,1.0
validation,stats_fm,37,0.24305555555555555,0.19791666666666666,0.2111111111111111,0.25,0.40625,0.14583333333333334
validation,stats_only,11,0.15625,0.17708333333333334,0.15625,0.17361111111111113,0.38958333333333334,1.0625
validation,stats_only,23,0.1875,0.21875,0.1909722222222222,0.20138888888888887,0.4083333333333334,1.0625
validation,stats_only,37,0.19444444444444445,0.22916666666666666,0.19791666666666666,0.1875,0.39999999999999997,1.125
validation,stats_raw_pca,11,0.2465277777777778,0.3020833333333333,0.2569444444444444,0.2569444444444444,0.36041666666666666,1.125
validation,stats_raw_pca,23,0.24305555555555555,0.2916666666666667,0.25,0.2222222222222222,0.34375,1.1458333333333333
validation,stats_raw_pca,37,0.2569444444444445,0.3020833333333333,0.2638888888888889,0.2638888888888889,0.38125000000000003,1.0416666666666667
validation,stats_shuffled_fm,11,0.17708333333333334,0.20833333333333334,0.18055555555555555,0.20138888888888887,0.42500000000000004,1.0625
validation,stats_shuffled_fm,23,0.1840277777777778,0.20833333333333334,0.18055555555555555,0.20138888888888887,0.39999999999999997,1.0
validation,stats_shuffled_fm,37,0.19791666666666666,0.22916666666666666,0.20138888888888887,0.2222222222222222,0.43333333333333335,1.0416666666666667
validation,violation,-1,0.1909722222222222,0.25,0.20486111111111113,0.20833333333333334,0.2791666666666667,1.2083333333333333
