method,case,future_world,n_cases,median_raw_nmse,mean_oracle_nmse,median_oracle_nmse,mean_gain_nmse,median_gain_nmse,mean_oracle_nmae,repair_improves_fraction,repair_harms_fraction
chronos2_main,common_mode_state_control,ended_clean_future,32,6.288529269835991,4.743873139541742,3.7868834815616386,2.6012521237570634,2.383613635820615,1.3969022103378712,0.96875,0.03125
chronos2_main,common_mode_state_control,persistent_shift_future,32,1.224333673967433,4.825720917601572,3.865558893330622,-2.6722603819584374,-2.4430482769420303,1.3228638487044937,0.0625,0.9375
chronos2_main,measurement_highcorr,ended_clean_future,32,3.82099080302706,2.0932182141824147,1.297663786440399,2.545884997723045,2.3437156115346744,0.7864725143686858,0.96875,0.03125
chronos2_main,measurement_highcorr,persistent_shift_future,32,1.255577413916761,4.800227665912326,3.857159819094567,-2.629226149593168,-2.4620453642748137,1.3123499081709231,0.0625,0.9375
chronos2_main,measurement_lowcorr,ended_clean_future,32,3.72676176780286,2.0932182141824147,1.297663786440399,2.125410173112478,2.1431004429438456,0.7864725143686858,1.0,0.0
chronos2_main,measurement_lowcorr,persistent_shift_future,32,1.365169621022238,4.800227665912326,4.348657791592467,-2.5074990187328856,-2.443373416413828,1.227840275308843,0.0,1.0
context_median,common_mode_state_control,ended_clean_future,32,2.152303149581928,2.939360879487648,2.051135153741447,0.718865500493408,0.05620869635962533,1.0735643424139096,0.78125,0.21875
context_median,common_mode_state_control,persistent_shift_future,32,5.830763106198984,6.580741321596328,5.998743240739909,-1.124000361578601,-0.39770352396418973,1.7857029699765496,0.0,1.0
context_median,measurement_highcorr,ended_clean_future,32,2.048993728347468,2.2240777312499436,1.4985550971152315,0.7188655004934081,0.056208696359625554,0.8631236426693978,0.78125,0.21875
context_median,measurement_highcorr,persistent_shift_future,32,3.5736550779561087,4.931087182979854,4.394454338133036,-1.1240003615786007,-0.3977035239641893,1.3908066845552425,0.0,1.0
context_median,measurement_lowcorr,ended_clean_future,32,2.054615601153657,2.2240777312499436,1.4985550971152315,0.7310767524423731,0.16554502743290656,0.8631236426693978,0.875,0.125
context_median,measurement_lowcorr,persistent_shift_future,32,3.207199900282469,4.931087182979854,4.4913711108354075,-1.3686193589282905,-1.1686480812214763,1.308275113892352,0.0,1.0
persistence,common_mode_state_control,ended_clean_future,32,6.9979112602803175,5.843158332492495,4.762550317261848,2.2857142857142856,2.2857142857142856,1.609773940946107,0.9375,0.0625
persistence,common_mode_state_control,persistent_shift_future,32,2.6324591331604865,6.3174450930951735,5.1933755242521515,-2.6540178571428568,-2.5567241163218934,1.605685103274756,0.0625,0.9375
persistence,measurement_highcorr,ended_clean_future,32,4.698861198309563,3.5574440467782096,2.4635002552910947,2.2857142857142856,2.285714285714285,1.0416796589662558,0.9375,0.0625
persistence,measurement_highcorr,persistent_shift_future,32,2.562577113297216,6.26445349850812,5.1933755242521515,-2.6540178571428568,-2.5567241163218934,1.5613141979798666,0.0625,0.9375
persistence,measurement_lowcorr,ended_clean_future,32,3.9818288890851283,3.5574440467782096,2.4635002552910947,2.2857142857142856,2.2857142857142856,1.0416796589662558,0.9375,0.0625
persistence,measurement_lowcorr,persistent_shift_future,32,2.476838638694825,6.26445349850812,4.792129079292698,-2.6540178571428568,-2.433035714285714,1.449653397522685,0.03125,0.96875
ridge_var,common_mode_state_control,ended_clean_future,32,8.444229914651764,6.369008344787769,6.746181692646038,1.3728178794731778,1.3898764629767149,1.9816925638497824,1.0,0.0
ridge_var,common_mode_state_control,persistent_shift_future,32,3.495352206967132,3.73876676950516,3.4447275211900044,0.12743116058313922,0.12412764862496006,1.400468128147009,0.5,0.5
ridge_var,measurement_highcorr,ended_clean_future,32,2.183285846381546,2.0508316483677707,1.6969372144622028,0.30617344524619045,0.30954923868152573,0.9210875198334588,0.5625,0.4375
ridge_var,measurement_highcorr,persistent_shift_future,32,3.3872502590818354,4.757841100097682,4.377519989431798,-0.9113176326458794,-0.8997792078046067,1.3542255987962237,0.0,1.0
ridge_var,measurement_lowcorr,ended_clean_future,32,1.7047527193771943,2.0508316483677707,1.6969372144622028,0.007708951053356096,0.007772600822597564,0.9210875198334588,0.8125,0.1875
ridge_var,measurement_lowcorr,persistent_shift_future,32,4.447989367510105,4.757841100097681,4.518365134242219,-0.06620461138672122,-0.06600485860589878,1.3500022541129049,0.0,1.0
