dataset,item,method,seed,n_scored,n_anomaly,precision,recall,point_f1,auprc,auroc,normal_fpr,event_recall,n_events,n_hit_events,detected_event_median_delay,threshold
smd,machine-1-1,sarad_official,0,28479,2694,0.5644564119824975,0.6224944320712695,0.5920564872021182,0.6184971503816292,0.9320970163445396,0.05018421562924181,0.75,8,6,1.0,0.0811324268579483
smd,machine-1-2,sarad_official,0,23694,542,0.267578125,0.25276752767527677,0.25996204933586337,0.19899045023900896,0.9091650367091094,0.016197304768486524,0.6,10,6,11.0,3.854973316192627
smd,machine-1-3,sarad_official,0,23703,817,0.20689655172413793,0.022031823745410038,0.03982300884955752,0.19540166169982132,0.8281903834780682,0.003014943633662501,0.08333333333333333,12,1,79.0,45.97719955444336
smd,machine-1-4,sarad_official,0,23707,720,0.24299065420560748,0.03611111111111111,0.06287787182587666,0.20854415789689693,0.8800260896255372,0.0035237308043676863,0.08333333333333333,12,1,20.0,43.89149856567383
smd,machine-1-5,sarad_official,0,23706,100,0.09294871794871795,0.58,0.16022099447513813,0.09226140152915296,0.9116478861306447,0.02397695501143777,0.8571428571428571,7,6,3.0,0.6417930126190186
smd,machine-1-6,sarad_official,0,23689,3708,0.0,0.0,0.0,0.2632034956878049,0.7706816823879126,0.001551473900205195,0.0,30,0,,23.9178409576416
smd,machine-1-7,sarad_official,0,23697,2398,0.13392857142857142,0.006255212677231026,0.01195219123505976,0.20092437195522656,0.6896740894890224,0.004554204422742852,0.15384615384615385,13,2,171.5,35.3586540222168
smd,machine-1-8,sarad_official,0,23699,763,0.3197879858657244,0.23722149410222804,0.272385252069225,0.1689419845749765,0.8524971303132634,0.016785838855946984,0.2,20,4,19.5,0.8884796500205994
smd,machine-2-1,sarad_official,0,23694,1170,0.3292181069958848,0.20512820512820512,0.2527646129541864,0.19149833177157907,0.8144225646489899,0.021710175812466703,0.5384615384615384,13,7,11.0,1.1638962030410767
smd,machine-2-2,sarad_official,0,23700,2833,0.0738255033557047,0.003882809742322626,0.007377598926894702,0.19163749135506727,0.7140041333163251,0.006613312886375617,0.2727272727272727,11,3,152.0,5.034372806549072
smd,machine-2-3,sarad_official,0,23689,269,0.22732769044740025,0.6988847583643123,0.34306569343065696,0.2299150592210935,0.9358518598471741,0.027284372331340734,0.6,10,6,7.5,0.4690462350845337
smd,machine-2-4,sarad_official,0,23689,1694,0.6415770609318996,0.21133412042502953,0.31793960923623443,0.33522682354006533,0.8051891556334716,0.009092975676290065,0.25,20,5,18.0,0.5454946756362915
smd,machine-2-5,sarad_official,0,23689,980,0.4540229885057471,0.08061224489795918,0.1369150779896014,0.1979756827331142,0.8436586321524956,0.004183363424193051,0.09523809523809523,21,2,9.0,2.0233237743377686
smd,machine-2-6,sarad_official,0,28743,424,0.20243902439024392,0.5872641509433962,0.3010882708585248,0.27560748538321067,0.8842181760761992,0.03464105370952364,0.75,8,6,7.5,0.49834033846855164
smd,machine-2-7,sarad_official,0,23696,417,0.3222748815165877,0.1630695443645084,0.21656050955414013,0.1242325087353848,0.7807268168024968,0.006142875553073586,0.15,20,3,7.0,1.8351962566375732
smd,machine-2-8,sarad_official,0,23703,161,0.13459879206212252,0.968944099378882,0.23636363636363636,0.9502895376508371,0.9978421016805697,0.042604706482032115,1.0,1,1,5.0,-0.037144966423511505
smd,machine-2-9,sarad_official,0,28722,1755,0.4622694242593628,0.47122507122507123,0.4667042889390519,0.4846212306299564,0.9214942669720732,0.03567323024437275,0.7,10,7,9.0,0.25040218234062195
smd,machine-3-1,sarad_official,0,28700,308,0.13646788990825687,0.7727272727272727,0.23196881091617932,0.46284723423476914,0.9011372098597374,0.053043110735418425,1.0,4,4,14.0,0.18230289220809937
smd,machine-3-10,sarad_official,0,23693,1047,0.333065164923572,0.3954154727793696,0.3615720524017467,0.3999168893472845,0.9059316133595935,0.03660690629691778,0.8461538461538461,13,11,5.0,0.028496723622083664
smd,machine-3-11,sarad_official,0,28696,198,0.09707446808510638,0.7373737373737373,0.17156286721504113,0.23325330370411132,0.7804471127160438,0.04765246683977823,1.0,3,3,0.0,0.12918339669704437
smd,machine-3-2,sarad_official,0,23703,1109,0.0,0.0,0.0,0.14154509674107305,0.7365709418134343,8.851907586084801e-05,0.0,10,0,,24.81514549255371
smd,machine-3-3,sarad_official,0,23703,632,0.08274647887323944,0.2974683544303797,0.12947658402203857,0.08091748735250487,0.839514399413149,0.09032985132850765,0.7692307692307693,26,20,0.0,0.894152045249939
smd,machine-3-4,sarad_official,0,23687,977,0.3614088820826952,0.24155578300921188,0.28957055214723926,0.2073143646111841,0.7179592990160751,0.01836195508586526,1.0,8,8,5.5,0.5225971341133118
smd,machine-3-5,sarad_official,0,23691,426,0.028411419205026635,0.48826291079812206,0.053698205757067255,0.31700044452310516,0.6679200354357681,0.30573823339780787,0.5454545454545454,11,6,0.0,1.408722162246704
smd,machine-3-6,sarad_official,0,28726,1194,0.3037037037037037,0.4120603015075377,0.34968017057569295,0.26882701698445133,0.9076657501756447,0.04097050704634607,0.9090909090909091,11,10,6.0,0.43157410621643066
smd,machine-3-7,sarad_official,0,28705,434,0.21252059308072488,0.5944700460829493,0.3131067961165049,0.4956919119539986,0.8747813093386637,0.033815570726185844,0.6,5,3,3.0,0.014320354908704758
smd,machine-3-8,sarad_official,0,28704,1371,0.13438389144232873,0.44784828592268416,0.20673400673400674,0.22470537905716356,0.8100327476374465,0.14469688654739693,1.0,6,6,0.0,0.4149136245250702
smd,machine-3-9,sarad_official,0,28713,303,0.09248291571753986,0.66996699669967,0.16253002401921537,0.23647493980726103,0.8382501396918995,0.07011615628299894,1.0,4,4,21.0,0.19745491445064545
smd,machine-1-1,sarad_official,1,28479,2694,0.5388114870628377,0.7034149962880475,0.6102076960231847,0.627306021327804,0.9368339701307669,0.06290478960636028,1.0,8,8,0.0,0.09672500938177109
smd,machine-1-2,sarad_official,1,23694,542,0.2980769230769231,0.22878228782287824,0.2588726513569937,0.20693394681302207,0.9122653562402937,0.012612301313061507,0.5,10,5,10.0,6.869979381561279
smd,machine-1-3,sarad_official,1,23703,817,0.1875,0.022031823745410038,0.03943044906900329,0.20535912100619724,0.8377589373587204,0.0034081971510967406,0.08333333333333333,12,1,79.0,50.481040954589844
smd,machine-1-4,sarad_official,1,23707,720,0.21739130434782608,0.034722222222222224,0.059880239520958084,0.24950142309012516,0.8925278418236394,0.003915256449297429,0.08333333333333333,12,1,21.0,48.12113952636719
smd,machine-1-5,sarad_official,1,23706,100,0.06814814814814815,0.46,0.11870967741935484,0.05680495451259484,0.8896479708548674,0.02664576802507837,0.8571428571428571,7,6,4.0,1.060337781906128
smd,machine-1-6,sarad_official,1,23689,3708,0.0,0.0,0.0,0.24412537451185026,0.7492660570692105,0.0007507131775186428,0.0,30,0,,27.427539825439453
smd,machine-1-7,sarad_official,1,23697,2398,0.12371134020618557,0.0050041701417848205,0.009619238476953907,0.2043593449394366,0.6967757142721208,0.003990797690032396,0.07692307692307693,13,1,29.0,40.38139343261719
smd,machine-1-8,sarad_official,1,23699,763,0.3071808510638298,0.30275229357798167,0.30495049504950494,0.21331330752629654,0.8896858590157535,0.02271538193233345,0.35,20,7,14.0,0.9823087453842163
smd,machine-2-1,sarad_official,1,23694,1170,0.19664268585131894,0.07008547008547009,0.1033396345305608,0.17743577359749843,0.8025079800918905,0.014873024329603978,0.3076923076923077,13,4,46.0,3.360854387283325
smd,machine-2-2,sarad_official,1,23700,2833,0.0,0.0,0.0,0.21069333546738384,0.7458069580947939,0.005654861743422629,0.0,11,0,,7.328550338745117
smd,machine-2-3,sarad_official,1,23689,269,0.14367816091954022,0.7434944237918215,0.2408187838651415,0.1693810566186737,0.9179978349137616,0.05089666951323655,0.9,10,9,5.0,0.3887050449848175
smd,machine-2-4,sarad_official,1,23689,1694,0.5551470588235294,0.1782762691853601,0.26988382484361034,0.33118209785034275,0.8379052285415302,0.01100250056831098,0.3,20,6,17.0,0.5815978646278381
smd,machine-2-5,sarad_official,1,23689,980,0.5023923444976076,0.10714285714285714,0.17661900756938603,0.20903378893796734,0.861211121905277,0.004579682064379761,0.19047619047619047,21,4,9.0,1.6034666299819946
smd,machine-2-6,sarad_official,1,28743,424,0.12530864197530864,0.47877358490566035,0.19863013698630136,0.15603007366907745,0.8796732159287683,0.050037077580423035,1.0,8,8,8.0,0.63959801197052
smd,machine-2-7,sarad_official,1,23696,417,0.25757575757575757,0.1223021582733813,0.16585365853658537,0.1229476434102495,0.7434678057631219,0.006314704239872846,0.1,20,2,141.0,1.934328317642212
smd,machine-2-8,sarad_official,1,23703,161,0.09675405742821473,0.9627329192546584,0.1758366420873511,0.9381349020250993,0.9956409345844693,0.06146461643020984,1.0,1,1,6.0,0.04024205729365349
smd,machine-2-9,sarad_official,1,28722,1755,0.5141625615763546,0.4757834757834758,0.4942290618526191,0.4382459512477925,0.9316089719026643,0.02925798197797308,0.9,10,9,0.0,0.7073761224746704
smd,machine-3-1,sarad_official,1,28700,308,0.1688888888888889,0.7402597402597403,0.2750301568154403,0.44726703229286274,0.8962559876021415,0.03951817413355875,0.5,4,2,14.0,0.5723021030426025
smd,machine-3-10,sarad_official,1,23693,1047,0.23378995433789954,0.7335243553008596,0.3545706371191136,0.2992870237324594,0.8919666852829999,0.11114545615119668,0.9230769230769231,13,12,2.0,-0.23801782727241516
smd,machine-3-11,sarad_official,1,28696,198,0.09530112508272667,0.7272727272727273,0.16851960210649503,0.26677992744844814,0.7532059666069069,0.0479682784756825,1.0,3,3,1.0,0.1606048345565796
smd,machine-3-2,sarad_official,1,23703,1109,0.0,0.0,0.0,0.13715131233804667,0.7329083353441026,4.4259537930424005e-05,0.0,10,0,,28.72772979736328
smd,machine-3-3,sarad_official,1,23703,632,0.08121597096188747,0.28322784810126583,0.12623413258110014,0.08103905657184053,0.8409386626533721,0.08777252828225911,0.5,26,13,0.0,1.089316725730896
smd,machine-3-4,sarad_official,1,23687,977,0.36812411847672777,0.2671443193449335,0.3096085409252669,0.1970974258384094,0.6832274637219682,0.019726992514310877,1.0,8,8,5.0,0.8781376481056213
smd,machine-3-5,sarad_official,1,23691,426,0.045402627070245574,0.3732394366197183,0.08095723014256619,0.3145982149627712,0.6572009173747262,0.143692241564582,0.45454545454545453,11,5,0.0,4.914619445800781
smd,machine-3-6,sarad_official,1,28726,1194,0.35966057441253263,0.46147403685092125,0.40425531914893614,0.290491002086603,0.9277875770445039,0.03563126543658288,0.9090909090909091,11,10,4.5,0.7009516358375549
smd,machine-3-7,sarad_official,1,28705,434,0.2682926829268293,0.532258064516129,0.3567567567567568,0.4507975852962905,0.8702902960109422,0.022284319620812846,0.6,5,3,3.0,0.09434256702661514
smd,machine-3-8,sarad_official,1,28704,1371,0.09895400962975262,0.43471918307804525,0.16121179334595617,0.18922685967232433,0.7705203108230253,0.1985512018439249,1.0,6,6,3.5,0.5787960290908813
smd,machine-3-9,sarad_official,1,28713,303,0.1861271676300578,0.5313531353135313,0.2756849315068493,0.23149824210967604,0.8276275145994009,0.02478000703977473,0.5,4,2,26.5,0.9420862197875977
smd,machine-1-1,sarad_official,2,28479,2694,0.6067961165048543,0.6959910913140311,0.6483402489626556,0.6716410721735425,0.943478264312035,0.04712041884816754,1.0,8,8,0.0,-0.013335399329662323
smd,machine-1-2,sarad_official,2,23694,542,0.25523012552301255,0.22509225092250923,0.23921568627450981,0.19483374568413697,0.9079434451479969,0.015376641326883206,0.7,10,7,26.0,6.854381561279297
smd,machine-1-3,sarad_official,2,23703,817,0.19540229885057472,0.0208078335373317,0.03761061946902655,0.22877002650246725,0.8527846392277364,0.003058638468932972,0.08333333333333333,12,1,80.0,49.88063430786133
smd,machine-1-4,sarad_official,2,23707,720,0.23148148148148148,0.034722222222222224,0.06038647342995169,0.24711030431790487,0.9042456364225191,0.003610736503240962,0.08333333333333333,12,1,21.0,47.14095687866211
smd,machine-1-5,sarad_official,2,23706,100,0.07922535211267606,0.45,0.1347305389221557,0.055058749686484165,0.8487020249089214,0.02215538422434974,0.7142857142857143,7,5,2.0,1.4061448574066162
smd,machine-1-6,sarad_official,2,23689,3708,0.03333333333333333,0.00026968716289104636,0.0005350454788657035,0.24015040557630765,0.7437354254071034,0.001451378809869376,0.03333333333333333,30,1,194.0,28.116703033447266
smd,machine-1-7,sarad_official,2,23697,2398,0.12121212121212122,0.0050041701417848205,0.00961153384060873,0.20636415285077186,0.6978408928892454,0.004084698812150805,0.07692307692307693,13,1,29.0,40.86174392700195
smd,machine-1-8,sarad_official,2,23699,763,0.3472222222222222,0.2948885976408912,0.3189227498228207,0.22285932017733764,0.8918124671717438,0.018442622950819672,0.3,20,6,12.5,0.6758705973625183
smd,machine-2-1,sarad_official,2,23694,1170,0.37719298245614036,0.18376068376068377,0.2471264367816092,0.1881465268790546,0.8034578500881111,0.015760966080625112,0.46153846153846156,13,6,13.0,2.316675901412964
smd,machine-2-2,sarad_official,2,23700,2833,0.06547619047619048,0.003882809742322626,0.007330889703432189,0.16585366365405452,0.6557392523008622,0.007523841472180956,0.2727272727272727,11,3,138.0,6.844478607177734
smd,machine-2-3,sarad_official,2,23689,269,0.19703389830508475,0.6914498141263941,0.30667765869744434,0.19781684884374715,0.9258327804215252,0.03236549957301452,0.9,10,9,4.0,0.3898095190525055
smd,machine-2-4,sarad_official,2,23689,1694,0.6494992846924177,0.2680047225501771,0.37944003343083993,0.38695629876218146,0.8419741472852716,0.01113889520345533,0.4,20,8,7.0,0.3775023818016052
smd,machine-2-5,sarad_official,2,23689,980,0.4,0.06938775510204082,0.11826086956521739,0.20446094197793593,0.8650426289675675,0.004491611255449382,0.09523809523809523,21,2,10.5,2.0536210536956787
smd,machine-2-6,sarad_official,2,28743,424,0.14641375222288086,0.5825471698113207,0.23401231643770726,0.2580415506003408,0.8857032780845182,0.05084925315159434,0.875,8,7,6.0,0.4610448479652405
smd,machine-2-7,sarad_official,2,23696,417,0.23979591836734693,0.11270983213429256,0.1533442088091354,0.1252581422897549,0.7593614957254524,0.0064006185832724775,0.05,20,1,258.0,2.218149423599243
smd,machine-2-8,sarad_official,2,23703,161,0.12168486739469579,0.968944099378882,0.21621621621621623,0.9384525504366422,0.9961554108924396,0.04782941126497324,1.0,1,1,5.0,-0.01362425833940506
smd,machine-2-9,sarad_official,2,28722,1755,0.5006561679790026,0.43475783475783475,0.46538578835010674,0.49175356850131985,0.9301231842189308,0.028219675900174285,0.7,10,7,11.0,0.4390925467014313
smd,machine-3-1,sarad_official,2,28700,308,0.20512820512820512,0.7272727272727273,0.32,0.41705193402070573,0.904836692611418,0.03057199211045365,0.75,4,3,13.0,0.6305777430534363
smd,machine-3-10,sarad_official,2,23693,1047,0.2850828729281768,0.49283667621776506,0.36121806090304515,0.37180072746624576,0.8931787502864782,0.05714033383378963,0.9230769230769231,13,12,3.0,-0.15715782344341278
smd,machine-3-11,sarad_official,2,28696,198,0.17712177121771217,0.7272727272727273,0.28486646884273,0.24109024524201866,0.7742148837664312,0.023475331602217698,1.0,3,3,1.0,0.6949442028999329
smd,machine-3-2,sarad_official,2,23703,1109,0.5,0.0009017132551848512,0.0018001800180018,0.1425713480753863,0.730481503863271,4.4259537930424005e-05,0.1,10,1,4.0,30.782577514648438
smd,machine-3-3,sarad_official,2,23703,632,0.08849171752397558,0.3212025316455696,0.13875598086124402,0.08058575213369286,0.8382162260254393,0.0906332625373846,0.4230769230769231,26,11,0.0,1.3830193281173706
smd,machine-3-4,sarad_official,2,23687,977,0.2763671875,0.2896622313203685,0.28285857071464265,0.17832728997566402,0.6993221460387684,0.03262879788639366,1.0,8,8,4.0,0.6051428318023682
smd,machine-3-5,sarad_official,2,23691,426,0.030434059537668385,0.4295774647887324,0.05684112439819848,0.3137307218313634,0.6576090542827132,0.25059101654846333,0.5454545454545454,11,6,0.0,2.67647647857666
smd,machine-3-6,sarad_official,2,28726,1194,0.3379474940334129,0.592964824120603,0.43052599574338707,0.30459588237598645,0.9174320772101098,0.050377742263547874,1.0,11,11,3.0,0.2884334921836853
smd,machine-3-7,sarad_official,2,28705,434,0.20443740095087162,0.5944700460829493,0.30424528301886794,0.49394715068773776,0.9064717113350103,0.03551342364967635,0.8,5,4,3.5,-0.13766124844551086
smd,machine-3-8,sarad_official,2,28704,1371,0.10994131860545392,0.4646243617797228,0.17780879274249825,0.1932476320494746,0.7984022087263006,0.1886730325979585,1.0,6,6,3.0,0.32892969250679016
smd,machine-3-9,sarad_official,2,28713,303,0.1195945945945946,0.5841584158415841,0.19854178351093663,0.20567452767824262,0.8144296795043814,0.045864132347764874,1.0,4,4,26.0,0.7497605085372925
