method,seed,item,predicted_class,window_accuracy,n_windows
random_forest,0,d00,3,0.13333333333333333,15
random_forest,0,d01,1,1.0,12
random_forest,0,d02,2,1.0,12
random_forest,0,d03,3,0.3333333333333333,12
random_forest,0,d04,4,1.0,12
random_forest,0,d05,3,0.25,12
random_forest,0,d06,6,1.0,12
random_forest,0,d07,7,0.3333333333333333,12
random_forest,0,d08,8,0.5,12
random_forest,0,d09,3,0.0,12
random_forest,0,d10,10,0.4166666666666667,12
random_forest,0,d11,11,1.0,12
random_forest,0,d12,12,1.0,12
random_forest,0,d13,8,0.16666666666666666,12
random_forest,0,d14,14,1.0,12
random_forest,0,d15,3,0.25,12
random_forest,0,d16,10,0.08333333333333333,12
random_forest,0,d17,17,1.0,12
random_forest,0,d18,6,0.25,12
random_forest,0,d19,19,1.0,12
random_forest,0,d20,20,0.9166666666666666,12
random_forest,0,d21,21,1.0,12
random_forest,1,d00,3,0.06666666666666667,15
random_forest,1,d01,1,1.0,12
random_forest,1,d02,2,1.0,12
random_forest,1,d03,3,0.4166666666666667,12
random_forest,1,d04,4,1.0,12
random_forest,1,d05,5,0.5,12
random_forest,1,d06,6,1.0,12
random_forest,1,d07,7,0.3333333333333333,12
random_forest,1,d08,8,0.5,12
random_forest,1,d09,3,0.08333333333333333,12
random_forest,1,d10,10,0.4166666666666667,12
random_forest,1,d11,11,0.9166666666666666,12
random_forest,1,d12,12,0.9166666666666666,12
random_forest,1,d13,8,0.16666666666666666,12
random_forest,1,d14,14,1.0,12
random_forest,1,d15,3,0.16666666666666666,12
random_forest,1,d16,10,0.0,12
random_forest,1,d17,17,1.0,12
random_forest,1,d18,6,0.25,12
random_forest,1,d19,19,1.0,12
random_forest,1,d20,20,0.9166666666666666,12
random_forest,1,d21,21,1.0,12
random_forest,2,d00,3,0.13333333333333333,15
random_forest,2,d01,1,1.0,12
random_forest,2,d02,2,1.0,12
random_forest,2,d03,3,0.3333333333333333,12
random_forest,2,d04,4,1.0,12
random_forest,2,d05,5,0.3333333333333333,12
random_forest,2,d06,6,1.0,12
random_forest,2,d07,7,0.3333333333333333,12
random_forest,2,d08,8,0.4166666666666667,12
random_forest,2,d09,3,0.0,12
random_forest,2,d10,10,0.4166666666666667,12
random_forest,2,d11,11,1.0,12
random_forest,2,d12,12,1.0,12
random_forest,2,d13,5,0.16666666666666666,12
random_forest,2,d14,14,1.0,12
random_forest,2,d15,3,0.16666666666666666,12
random_forest,2,d16,10,0.0,12
random_forest,2,d17,17,1.0,12
random_forest,2,d18,6,0.25,12
random_forest,2,d19,19,1.0,12
random_forest,2,d20,20,0.9166666666666666,12
random_forest,2,d21,21,1.0,12
rbf_svm,-1,d00,3,0.0,15
rbf_svm,-1,d01,1,0.6666666666666666,12
rbf_svm,-1,d02,2,1.0,12
rbf_svm,-1,d03,3,0.3333333333333333,12
rbf_svm,-1,d04,9,0.08333333333333333,12
rbf_svm,-1,d05,9,0.16666666666666666,12
rbf_svm,-1,d06,18,0.4166666666666667,12
rbf_svm,-1,d07,3,0.08333333333333333,12
rbf_svm,-1,d08,5,0.25,12
rbf_svm,-1,d09,9,0.4166666666666667,12
rbf_svm,-1,d10,3,0.0,12
rbf_svm,-1,d11,11,0.75,12
rbf_svm,-1,d12,5,0.25,12
rbf_svm,-1,d13,5,0.16666666666666666,12
rbf_svm,-1,d14,14,1.0,12
rbf_svm,-1,d15,0,0.08333333333333333,12
rbf_svm,-1,d16,9,0.08333333333333333,12
rbf_svm,-1,d17,17,1.0,12
rbf_svm,-1,d18,18,0.9166666666666666,12
rbf_svm,-1,d19,19,1.0,12
rbf_svm,-1,d20,10,0.0,12
rbf_svm,-1,d21,3,0.16666666666666666,12
shrinkage_lda,-1,d00,3,0.0,15
shrinkage_lda,-1,d01,1,1.0,12
shrinkage_lda,-1,d02,2,1.0,12
shrinkage_lda,-1,d03,3,0.4166666666666667,12
shrinkage_lda,-1,d04,3,0.16666666666666666,12
shrinkage_lda,-1,d05,5,0.25,12
shrinkage_lda,-1,d06,6,1.0,12
shrinkage_lda,-1,d07,7,1.0,12
shrinkage_lda,-1,d08,4,0.16666666666666666,12
shrinkage_lda,-1,d09,0,0.16666666666666666,12
shrinkage_lda,-1,d10,3,0.16666666666666666,12
shrinkage_lda,-1,d11,11,1.0,12
shrinkage_lda,-1,d12,12,0.8333333333333334,12
shrinkage_lda,-1,d13,8,0.25,12
shrinkage_lda,-1,d14,14,1.0,12
shrinkage_lda,-1,d15,0,0.08333333333333333,12
shrinkage_lda,-1,d16,10,0.0,12
shrinkage_lda,-1,d17,17,1.0,12
shrinkage_lda,-1,d18,20,0.16666666666666666,12
shrinkage_lda,-1,d19,19,1.0,12
shrinkage_lda,-1,d20,20,0.4166666666666667,12
shrinkage_lda,-1,d21,21,0.3333333333333333,12
