class,start,end,split
0,0,64,fit
0,64,128,fit
0,128,192,fit
0,192,256,fit
1,20,84,fit
1,84,148,fit
1,148,212,fit
1,212,276,fit
2,20,84,fit
2,84,148,fit
2,148,212,fit
2,212,276,fit
3,20,84,fit
3,84,148,fit
3,148,212,fit
3,212,276,fit
4,20,84,fit
4,84,148,fit
4,148,212,fit
4,212,276,fit
5,20,84,fit
5,84,148,fit
5,148,212,fit
5,212,276,fit
6,20,84,fit
6,84,148,fit
6,148,212,fit
6,212,276,fit
7,20,84,fit
7,84,148,fit
7,148,212,fit
7,212,276,fit
8,20,84,fit
8,84,148,fit
8,148,212,fit
8,212,276,fit
9,20,84,fit
9,84,148,fit
9,148,212,fit
9,212,276,fit
10,20,84,fit
10,84,148,fit
10,148,212,fit
10,212,276,fit
11,20,84,fit
11,84,148,fit
11,148,212,fit
11,212,276,fit
12,20,84,fit
12,84,148,fit
12,148,212,fit
12,212,276,fit
13,20,84,fit
13,84,148,fit
13,148,212,fit
13,212,276,fit
14,20,84,fit
14,84,148,fit
14,148,212,fit
14,212,276,fit
15,20,84,fit
15,84,148,fit
15,148,212,fit
15,212,276,fit
16,20,84,fit
16,84,148,fit
16,148,212,fit
16,212,276,fit
17,20,84,fit
17,84,148,fit
17,148,212,fit
17,212,276,fit
18,20,84,fit
18,84,148,fit
18,148,212,fit
18,212,276,fit
19,20,84,fit
19,84,148,fit
19,148,212,fit
19,212,276,fit
20,20,84,fit
20,84,148,fit
20,148,212,fit
20,212,276,fit
21,20,84,fit
21,84,148,fit
21,148,212,fit
21,212,276,fit
0,300,364,development
1,288,352,development
2,288,352,development
3,288,352,development
4,288,352,development
5,288,352,development
6,288,352,development
7,288,352,development
8,288,352,development
9,288,352,development
10,288,352,development
11,288,352,development
12,288,352,development
13,288,352,development
14,288,352,development
15,288,352,development
16,288,352,development
17,288,352,development
18,288,352,development
19,288,352,development
20,288,352,development
21,288,352,development
0,400,464,calibration
1,384,448,calibration
2,384,448,calibration
3,384,448,calibration
4,384,448,calibration
5,384,448,calibration
6,384,448,calibration
7,384,448,calibration
8,384,448,calibration
9,384,448,calibration
10,384,448,calibration
11,384,448,calibration
12,384,448,calibration
13,384,448,calibration
14,384,448,calibration
15,384,448,calibration
16,384,448,calibration
17,384,448,calibration
18,384,448,calibration
19,384,448,calibration
20,384,448,calibration
21,384,448,calibration
0,0,64,test
0,64,128,test
0,128,192,test
0,192,256,test
0,256,320,test
0,320,384,test
0,384,448,test
0,448,512,test
0,512,576,test
0,576,640,test
0,640,704,test
0,704,768,test
0,768,832,test
0,832,896,test
0,896,960,test
1,160,224,test
1,224,288,test
1,288,352,test
1,352,416,test
1,416,480,test
1,480,544,test
1,544,608,test
1,608,672,test
1,672,736,test
1,736,800,test
1,800,864,test
1,864,928,test
2,160,224,test
2,224,288,test
2,288,352,test
2,352,416,test
2,416,480,test
2,480,544,test
2,544,608,test
2,608,672,test
2,672,736,test
2,736,800,test
2,800,864,test
2,864,928,test
3,160,224,test
3,224,288,test
3,288,352,test
3,352,416,test
3,416,480,test
3,480,544,test
3,544,608,test
3,608,672,test
3,672,736,test
3,736,800,test
3,800,864,test
3,864,928,test
4,160,224,test
4,224,288,test
4,288,352,test
4,352,416,test
4,416,480,test
4,480,544,test
4,544,608,test
4,608,672,test
4,672,736,test
4,736,800,test
4,800,864,test
4,864,928,test
5,160,224,test
5,224,288,test
5,288,352,test
5,352,416,test
5,416,480,test
5,480,544,test
5,544,608,test
5,608,672,test
5,672,736,test
5,736,800,test
5,800,864,test
5,864,928,test
6,160,224,test
6,224,288,test
6,288,352,test
6,352,416,test
6,416,480,test
6,480,544,test
6,544,608,test
6,608,672,test
6,672,736,test
6,736,800,test
6,800,864,test
6,864,928,test
7,160,224,test
7,224,288,test
7,288,352,test
7,352,416,test
7,416,480,test
7,480,544,test
7,544,608,test
7,608,672,test
7,672,736,test
7,736,800,test
7,800,864,test
7,864,928,test
8,160,224,test
8,224,288,test
8,288,352,test
8,352,416,test
8,416,480,test
8,480,544,test
8,544,608,test
8,608,672,test
8,672,736,test
8,736,800,test
8,800,864,test
8,864,928,test
9,160,224,test
9,224,288,test
9,288,352,test
9,352,416,test
9,416,480,test
9,480,544,test
9,544,608,test
9,608,672,test
9,672,736,test
9,736,800,test
9,800,864,test
9,864,928,test
10,160,224,test
10,224,288,test
10,288,352,test
10,352,416,test
10,416,480,test
10,480,544,test
10,544,608,test
10,608,672,test
10,672,736,test
10,736,800,test
10,800,864,test
10,864,928,test
11,160,224,test
11,224,288,test
11,288,352,test
11,352,416,test
11,416,480,test
11,480,544,test
11,544,608,test
11,608,672,test
11,672,736,test
11,736,800,test
11,800,864,test
11,864,928,test
12,160,224,test
12,224,288,test
12,288,352,test
12,352,416,test
12,416,480,test
12,480,544,test
12,544,608,test
12,608,672,test
12,672,736,test
12,736,800,test
12,800,864,test
12,864,928,test
13,160,224,test
13,224,288,test
13,288,352,test
13,352,416,test
13,416,480,test
13,480,544,test
13,544,608,test
13,608,672,test
13,672,736,test
13,736,800,test
13,800,864,test
13,864,928,test
14,160,224,test
14,224,288,test
14,288,352,test
14,352,416,test
14,416,480,test
14,480,544,test
14,544,608,test
14,608,672,test
14,672,736,test
14,736,800,test
14,800,864,test
14,864,928,test
15,160,224,test
15,224,288,test
15,288,352,test
15,352,416,test
15,416,480,test
15,480,544,test
15,544,608,test
15,608,672,test
15,672,736,test
15,736,800,test
15,800,864,test
15,864,928,test
16,160,224,test
16,224,288,test
16,288,352,test
16,352,416,test
16,416,480,test
16,480,544,test
16,544,608,test
16,608,672,test
16,672,736,test
16,736,800,test
16,800,864,test
16,864,928,test
17,160,224,test
17,224,288,test
17,288,352,test
17,352,416,test
17,416,480,test
17,480,544,test
17,544,608,test
17,608,672,test
17,672,736,test
17,736,800,test
17,800,864,test
17,864,928,test
18,160,224,test
18,224,288,test
18,288,352,test
18,352,416,test
18,416,480,test
18,480,544,test
18,544,608,test
18,608,672,test
18,672,736,test
18,736,800,test
18,800,864,test
18,864,928,test
19,160,224,test
19,224,288,test
19,288,352,test
19,352,416,test
19,416,480,test
19,480,544,test
19,544,608,test
19,608,672,test
19,672,736,test
19,736,800,test
19,800,864,test
19,864,928,test
20,160,224,test
20,224,288,test
20,288,352,test
20,352,416,test
20,416,480,test
20,480,544,test
20,544,608,test
20,608,672,test
20,672,736,test
20,736,800,test
20,800,864,test
20,864,928,test
21,160,224,test
21,224,288,test
21,288,352,test
21,352,416,test
21,416,480,test
21,480,544,test
21,544,608,test
21,608,672,test
21,672,736,test
21,736,800,test
21,800,864,test
21,864,928,test
