method,seed,level,n,accuracy,balanced_accuracy,macro_f1
random_forest,0,window,267,0.6142322097378277,0.6196969696969696,0.5961986897793214
random_forest,0,trajectory,22,0.6818181818181818,0.6818181818181818,0.606060606060606
random_forest,1,window,267,0.6142322097378277,0.6204545454545455,0.5934147835682363
random_forest,1,trajectory,22,0.7272727272727273,0.7272727272727273,0.6545454545454544
random_forest,2,window,267,0.6067415730337079,0.6121212121212122,0.5867343086384446
random_forest,2,trajectory,22,0.7272727272727273,0.7272727272727273,0.6545454545454544
rbf_svm,-1,window,267,0.3970037453183521,0.40151515151515144,0.4040342125481444
rbf_svm,-1,trajectory,22,0.4090909090909091,0.4090909090909091,0.33636363636363636
shrinkage_lda,-1,window,267,0.5131086142322098,0.5189393939393939,0.5265620977829316
shrinkage_lda,-1,trajectory,22,0.5909090909090909,0.5909090909090909,0.5484848484848485
