dataset,method,metric,mean,ci95_low,ci95_high,n_clusters,n_units,n_seeds
skab,iforest,point_f1,0.46379314521195397,0.42051767903278475,0.5016160672754804,34,34,3
skab,iforest,auprc,0.39764001820574413,0.35875280431975654,0.43803137099332023,34,34,3
skab,iforest,auroc,0.5426459042337218,0.4969887177673511,0.5886480909671791,34,34,3
skab,iforest,normal_fpr,0.7620268016277005,0.6361933147115455,0.886657182704183,34,34,3
skab,iforest,event_recall,1.0,1.0,1.0,34,34,3
skab,pca_q,point_f1,0.5472672899008942,0.4940620076617804,0.606010942530994,34,34,1
skab,pca_q,auprc,0.7819668347625026,0.7109454840390127,0.8482365757594819,34,34,1
skab,pca_q,auroc,0.8579673555072891,0.8107206117834118,0.9004363200082284,34,34,1
skab,pca_q,normal_fpr,0.8726902306306633,0.756189121980857,0.9707861610323806,34,34,1
skab,pca_q,event_recall,1.0,1.0,1.0,34,34,1
skab,robust_z,point_f1,0.5451676465890646,0.4909193847909476,0.6035793134110331,34,34,1
skab,robust_z,auprc,0.47127395865229504,0.38533639234965705,0.5613348599692087,34,34,1
skab,robust_z,auroc,0.5725754749664189,0.5059348660698587,0.644988266724456,34,34,1
skab,robust_z,normal_fpr,0.8844386661660375,0.7741654090947752,0.9718051061435299,34,34,1
skab,robust_z,event_recall,1.0,1.0,1.0,34,34,1
skab,tranad_official,point_f1,0.5455660807510805,0.49810374339580576,0.5978010896207904,34,34,3
skab,tranad_official,auprc,0.7276554476654775,0.6561229393345595,0.7973719256694467,34,34,3
skab,tranad_official,auroc,0.8138561667390664,0.7574122693317323,0.8634318527310679,34,34,3
skab,tranad_official,normal_fpr,0.8904899264074737,0.7821328774766209,0.9742162639363137,34,34,3
skab,tranad_official,event_recall,1.0,1.0,1.0,34,34,3
smd,iforest,point_f1,0.2016517813462409,0.1449642498322838,0.2634122569271638,28,28,3
smd,iforest,auprc,0.2683149143774241,0.1928522701655509,0.3481942192880687,28,28,3
smd,iforest,auroc,0.7563748088177359,0.7061935693264528,0.8005857235614138,28,28,3
smd,iforest,normal_fpr,0.08558013059464956,0.03564736634193043,0.151714245844912,28,28,3
smd,iforest,event_recall,0.7238434184862756,0.615236115570937,0.817377602556174,28,28,3
smd,pca_q,point_f1,0.1441393701902715,0.10287526315246548,0.19680792996538474,28,28,1
smd,pca_q,auprc,0.26909787357264314,0.18658036415767784,0.3632279834893426,28,28,1
smd,pca_q,auroc,0.7250618054754348,0.6654896577904132,0.7808309217589717,28,28,1
smd,pca_q,normal_fpr,0.08764706401323141,0.032125600895059045,0.1664516191763675,28,28,1
smd,pca_q,event_recall,0.7831858617572902,0.6908044782598354,0.8610047244422244,28,28,1
smd,robust_z,point_f1,0.16369882475658254,0.10570934614663,0.22891303308844083,28,28,1
smd,robust_z,auprc,0.2458048930551895,0.16668784651688337,0.338626286632412,28,28,1
smd,robust_z,auroc,0.7526706301088729,0.7017947293944368,0.8022484781329898,28,28,1
smd,robust_z,normal_fpr,0.0806762000209482,0.02450064186223437,0.15892636220266462,28,28,1
smd,robust_z,event_recall,0.7500811688311689,0.649352589374911,0.8439183138290279,28,28,1
smd,sarad_official,point_f1,0.21216996518728976,0.16112190438426663,0.2702099981835574,28,28,3
smd,sarad_official,auprc,0.28129090205539736,0.2230275542864405,0.35459266055365807,28,28,3
smd,sarad_official,auroc,0.8358647239612308,0.8035528902638721,0.8670831758916687,28,28,3
smd,sarad_official,normal_fpr,0.040198661455314304,0.024110261193684545,0.06121167733512611,28,28,3
smd,sarad_official,event_recall,0.5604398577612864,0.42882553706214416,0.6949861150754005,28,28,3
smd,tranad_official,point_f1,0.1844047900007271,0.13398739043152594,0.2376012253848217,28,28,3
smd,tranad_official,auprc,0.3963532477662735,0.30755167258307065,0.48572951492170496,28,28,3
smd,tranad_official,auroc,0.7824756637888488,0.7289409228329496,0.8327595679964378,28,28,3
smd,tranad_official,normal_fpr,0.22051618400738432,0.13518017985425332,0.32283949048704763,28,28,3
smd,tranad_official,event_recall,0.8444698158983873,0.7348492281527996,0.9348665322772466,28,28,3
tep,iforest,point_f1,0.43039817869705405,0.2642527952205355,0.592121599456467,22,22,3
tep,iforest,auprc,0.9470181939016417,0.9232354852056377,0.9682419440471329,21,21,3
tep,iforest,auroc,0.8135471230158731,0.7394457155257936,0.8787767206101188,21,21,3
tep,iforest,normal_fpr,0.007922979797979793,0.0014835858585858558,0.01808869949494949,22,22,3
tep,iforest,event_recall,1.0,1.0,1.0,21,21,3
tep,pca_q,point_f1,0.7019174569114425,0.5530295860190421,0.8300932162551888,22,22,1
tep,pca_q,auprc,0.9661457578158509,0.9441742186566563,0.9844750736096216,21,21,1
tep,pca_q,auroc,0.8745409226190477,0.8084636253720239,0.9329356119791664,21,21,1
tep,pca_q,normal_fpr,0.03001893939393939,0.01978929924242424,0.042803030303030294,22,22,1
tep,pca_q,event_recall,1.0,1.0,1.0,21,21,1
tep,robust_z,point_f1,0.7262022264728369,0.5831198372119657,0.8481270888285225,22,22,1
tep,robust_z,auprc,0.9614841695711489,0.9336976329851852,0.9838883616664128,21,21,1
tep,robust_z,auroc,0.8633818824404762,0.7827652529761904,0.9335155087425591,21,21,1
tep,robust_z,normal_fpr,0.045501893939393925,0.018797348484848483,0.07841737689393935,22,22,1
tep,robust_z,event_recall,1.0,1.0,1.0,21,21,1
tep,tranad_official,point_f1,0.669801445452928,0.5070929978636278,0.8028064800555218,22,22,3
tep,tranad_official,auprc,0.9616592223502788,0.9355175231363749,0.9829062439668118,21,21,3
tep,tranad_official,auroc,0.8658227926587301,0.7884519810267857,0.9305505518353172,21,21,3
tep,tranad_official,normal_fpr,0.03683712121212121,0.010700757575757575,0.07320075757575757,22,22,3
tep,tranad_official,event_recall,1.0,1.0,1.0,21,21,3
