split,method,k,precision,recall,f1,ndcg,hit
group1_development,baro_robust_scorer,1,0.5585585585585585,0.10075402179966246,0.1574791266087839,0.5585585585585585,0.5585585585585585
group1_development,baro_robust_scorer,3,0.5495495495495496,0.3046733001631633,0.33581152714221557,0.5789364704393754,0.8378378378378378
group1_development,baro_robust_scorer,5,0.527927927927928,0.4680232638861421,0.42263529729204785,0.616721405477782,0.8918918918918919
group1_development,pca_q,1,0.5315315315315315,0.11883008105219231,0.17068527947010917,0.5315315315315315,0.5315315315315315
group1_development,pca_q,3,0.45345345345345345,0.26462766629400003,0.28055462538076975,0.5054710607819201,0.6846846846846847
group1_development,pca_q,5,0.4396396396396397,0.4207297536978951,0.36270112157984014,0.5409254254105422,0.8558558558558559
group1_development,robust_z,1,0.5495495495495496,0.1169210291431404,0.1719822661119234,0.5495495495495496,0.5495495495495496
group1_development,robust_z,3,0.4864864864864865,0.281299225070822,0.30343339145729176,0.5288028754941813,0.7297297297297297
group1_development,robust_z,5,0.48468468468468473,0.4606672715301498,0.4000602697284619,0.578972998488455,0.8738738738738738
group23_evaluation,baro_robust_scorer,1,0.6851851851851852,0.1714264067630193,0.2523124581531156,0.6851851851851852,0.6851851851851852
group23_evaluation,baro_robust_scorer,3,0.5601851851851852,0.35841941197826915,0.3903751555915229,0.6177310747904956,0.8101851851851852
group23_evaluation,baro_robust_scorer,5,0.46481481481481485,0.45740042282449295,0.40442323350603815,0.6055238661017744,0.8703703703703703
group23_evaluation,pca_q,1,0.5787037037037037,0.16962203835856357,0.23419238473763457,0.5787037037037037,0.5787037037037037
group23_evaluation,pca_q,3,0.5555555555555556,0.40309228181242507,0.4125470466435659,0.6037372015668162,0.8564814814814815
group23_evaluation,pca_q,5,0.48518518518518516,0.5476250098710829,0.4525758685251271,0.6227142539533511,0.9212962962962963
group23_evaluation,robust_z,1,0.7361111111111112,0.2327929613383157,0.3192856088312872,0.7361111111111112,0.7361111111111112
group23_evaluation,robust_z,3,0.6481481481481481,0.5042844868390169,0.5075204888755835,0.7240886364494024,0.9212962962962963
group23_evaluation,robust_z,5,0.5611111111111111,0.660642938444567,0.5403658932680256,0.7487049792297158,0.9537037037037037
